casualty_id,accident_id,injury_type,age
C1,1,Serious,63
C2,2,Minor,55
C3,3,Fatal,64
C4,4,Fatal,26
C5,5,None,22
C6,6,None,37
C7,7,None,20
C8,8,Minor,34
C9,9,None,2
C10,10,Minor,16
C11,11,Fatal,72
C12,12,Serious,58
C13,13,None,71
C14,14,Fatal,23
C15,15,Serious,62
C16,16,Serious,60
C17,17,Serious,42
C18,18,Fatal,31
C19,19,Fatal,65
C20,20,Serious,36
C21,21,Serious,30
C22,22,Minor,71
C23,23,Serious,68
C24,24,None,72
C25,25,Serious,66
C26,26,Fatal,28
C27,27,Fatal,47
C28,28,Fatal,49
C29,29,None,28
C30,30,Minor,52
C31,31,None,55
C32,32,Fatal,55
C33,33,Fatal,66
C34,34,Serious,23
C35,35,None,1
C36,36,Fatal,70
C37,37,Fatal,5
C38,38,Fatal,61
C39,39,Minor,59
C40,40,Fatal,49
C41,41,Serious,69
C42,42,Fatal,27
C43,43,Serious,15
C44,44,None,45
C45,45,Serious,73
C46,46,None,73
C47,47,Minor,74
C48,48,Minor,49
C49,49,Fatal,16
C50,50,Serious,53
C51,51,Serious,71
C52,52,Fatal,18
C53,53,Serious,29
C54,54,Fatal,51
C55,55,Serious,41
C56,56,Minor,44
C57,57,Fatal,51
C58,58,Serious,29
C59,59,Minor,26
C60,60,Minor,24
C61,61,Serious,50
C62,62,Minor,64
C63,63,Minor,2
C64,64,Minor,42
C65,65,Fatal,45
C66,66,Fatal,21
C67,67,Fatal,61
C68,68,Serious,15
C69,69,Minor,27
C70,70,Serious,28
C71,71,None,32
C72,72,Fatal,71
C73,73,Minor,39
C74,74,None,3
C75,75,Minor,6
C76,76,Minor,9
C77,77,Serious,4
C78,78,Minor,71
C79,79,None,33
C80,80,Minor,40
C81,81,Fatal,28
C82,82,Fatal,35
C83,83,Fatal,46
C84,84,Minor,8
C85,85,Fatal,47
C86,86,Minor,75
C87,87,Minor,20
C88,88,Fatal,51
C89,89,Serious,16
C90,90,None,37
C91,91,Serious,2
C92,92,Minor,59
C93,93,Serious,62
C94,94,None,49
C95,95,Minor,3
C96,96,Serious,50
C97,97,None,19
C98,98,Minor,10
C99,99,Fatal,5
C100,100,Serious,46
C101,101,None,39
C102,102,None,43
C103,103,Fatal,1
C104,104,Serious,10
C105,105,None,3
C106,106,Serious,36
C107,107,None,26
C108,108,Serious,70
C109,109,Serious,53
C110,110,Fatal,71
C111,111,Fatal,53
C112,112,Minor,69
C113,113,Serious,56
C114,114,Serious,42
C115,115,Serious,12
C116,116,Serious,68
C117,117,None,17
C118,118,Serious,17
C119,119,Serious,6
C120,120,Minor,63
C121,121,Serious,15
C122,122,Serious,15
C123,123,Minor,68
C124,124,None,71
C125,125,None,69
C126,126,Minor,61
C127,127,Serious,2
C128,128,Fatal,48
C129,129,None,19
C130,130,Fatal,55
C131,131,None,20
C132,132,Fatal,44
C133,133,Serious,25
C134,134,Fatal,18
C135,135,Serious,53
C136,136,Minor,50
C137,137,Minor,49
C138,138,Fatal,34
C139,139,Serious,72
C140,140,Minor,16
C141,141,None,21
C142,142,None,36
C143,143,Minor,5
C144,144,Serious,45
C145,145,Minor,15
C146,146,None,40
C147,147,Serious,52
C148,148,None,7
C149,149,None,52
C150,150,Fatal,62
C151,151,Serious,44
C152,152,Fatal,18
C153,153,Serious,71
C154,154,None,52
C155,155,Minor,38
C156,156,Serious,20
C157,157,None,18
C158,158,Serious,48
C159,159,Minor,29
C160,160,Minor,52
C161,161,None,37
C162,162,Fatal,55
C163,163,Minor,23
C164,164,Serious,8
C165,165,None,20
C166,166,Fatal,32
C167,167,Fatal,54
C168,168,Fatal,10
C169,169,Serious,69
C170,170,Minor,23
C171,171,Serious,50
C172,172,Fatal,60
C173,173,Minor,68
C174,174,Fatal,23
C175,175,Serious,6
C176,176,Minor,42
C177,177,Minor,1
C178,178,Minor,62
C179,179,None,75
C180,180,Minor,75
C181,181,Serious,25
C182,182,Fatal,1
C183,183,Serious,36
C184,184,Serious,68
C185,185,Serious,24
C186,186,Fatal,45
C187,187,Serious,40
C188,188,Minor,13
C189,189,Fatal,17
C190,190,Serious,60
C191,191,Minor,41
C192,192,Fatal,13
C193,193,Serious,4
C194,194,Serious,12
C195,195,None,27
C196,196,Serious,68
C197,197,Serious,62
C198,198,Minor,19
C199,199,Fatal,15
C200,200,None,34
C201,201,None,36
C202,202,Serious,1
C203,203,None,7
C204,204,Serious,27
C205,205,Fatal,42
C206,206,Fatal,75
C207,207,Fatal,12
C208,208,Minor,10
C209,209,Serious,67
C210,210,Fatal,51
C211,211,Serious,26
C212,212,Minor,66
C213,213,None,59
C214,214,Serious,11
C215,215,Minor,9
C216,216,Serious,73
C217,217,Minor,12
C218,218,Minor,18
C219,219,Fatal,15
C220,220,None,73
C221,221,None,54
C222,222,Serious,39
C223,223,None,19
C224,224,Minor,44
C225,225,Fatal,25
C226,226,Serious,37
C227,227,Minor,53
C228,228,None,24
C229,229,Fatal,42
C230,230,Minor,11
C231,231,Fatal,37
C232,232,Serious,51
C233,233,Fatal,6
C234,234,None,4
C235,235,Minor,41
C236,236,Minor,65
C237,237,Serious,9
C238,238,Serious,23
C239,239,Serious,65
C240,240,Serious,34
C241,241,Fatal,57
C242,242,None,42
C243,243,Serious,70
C244,244,Fatal,26
C245,245,None,60
C246,246,Serious,57
C247,247,None,54
C248,248,Fatal,33
C249,249,Serious,30
C250,250,None,3
C251,251,Minor,60
C252,252,Minor,53
C253,253,Minor,17
C254,254,None,54
C255,255,None,30
C256,256,Serious,39
C257,257,Fatal,72
C258,258,Fatal,66
C259,259,Minor,23
C260,260,Serious,47
C261,261,None,26
C262,262,Fatal,24
C263,263,None,43
C264,264,Fatal,33
C265,265,Fatal,59
C266,266,Serious,7
C267,267,Fatal,52
C268,268,None,29
C269,269,Serious,30
C270,270,Serious,32
C271,271,None,62
C272,272,Minor,32
C273,273,Fatal,33
C274,274,Serious,13
C275,275,Fatal,56
C276,276,Fatal,58
C277,277,None,38
C278,278,Serious,63
C279,279,None,17
C280,280,Fatal,27
C281,281,Serious,27
C282,282,None,17
C283,283,None,75
C284,284,Fatal,48
C285,285,Fatal,25
C286,286,Fatal,5
C287,287,Minor,10
C288,288,Fatal,41
C289,289,Minor,31
C290,290,Serious,59
C291,291,Minor,75
C292,292,None,2
C293,293,None,27
C294,294,Minor,63
C295,295,Minor,49
C296,296,Serious,66
C297,297,Serious,68
C298,298,Serious,16
C299,299,Fatal,36
C300,300,None,52
C301,301,Minor,41
C302,302,Fatal,60
C303,303,None,50
C304,304,None,3
C305,305,Serious,38
C306,306,Fatal,36
C307,307,Minor,62
C308,308,Minor,5
C309,309,Minor,32
C310,310,Serious,28
C311,311,Fatal,12
C312,312,None,21
C313,313,Fatal,12
C314,314,None,37
C315,315,None,22
C316,316,None,46
C317,317,Fatal,7
C318,318,Fatal,61
C319,319,Fatal,23
C320,320,Minor,26
C321,321,None,4
C322,322,None,23
C323,323,Minor,12
C324,324,Serious,33
C325,325,Serious,59
C326,326,Minor,65
C327,327,Serious,71
C328,328,Serious,3
C329,329,None,37
C330,330,Serious,34
C331,331,Minor,16
C332,332,None,56
C333,333,None,56
C334,334,None,63
C335,335,None,23
C336,336,Minor,37
C337,337,Fatal,26
C338,338,Minor,22
C339,339,Fatal,57
C340,340,Fatal,2
C341,341,Serious,5
C342,342,Minor,15
C343,343,Minor,4
C344,344,Minor,70
C345,345,None,41
C346,346,None,12
C347,347,None,42
C348,348,None,67
C349,349,Serious,35
C350,350,None,51
C351,351,Minor,19
C352,352,Minor,27
C353,353,None,2
C354,354,Minor,51
C355,355,None,15
C356,356,None,70
C357,357,Fatal,18
C358,358,Minor,44
C359,359,Fatal,57
C360,360,Fatal,52
C361,361,Serious,33
C362,362,Fatal,5
C363,363,Fatal,64
C364,364,Fatal,10
C365,365,None,71
C366,366,Fatal,60
C367,367,Minor,66
C368,368,Fatal,6
C369,369,Serious,54
C370,370,Fatal,23
C371,371,None,43
C372,372,Minor,44
C373,373,Fatal,14
C374,374,Fatal,31
C375,375,None,54
C376,376,Serious,69
C377,377,Minor,57
C378,378,Fatal,48
C379,379,None,56
C380,380,Fatal,42
C381,381,Serious,9
C382,382,Minor,34
C383,383,None,56
C384,384,Fatal,22
C385,385,None,8
C386,386,Serious,20
C387,387,Fatal,49
C388,388,Minor,37
C389,389,Fatal,70
C390,390,Serious,62
C391,391,Minor,71
C392,392,None,15
C393,393,Minor,40
C394,394,Serious,26
C395,395,Fatal,72
C396,396,Serious,2
C397,397,Minor,64
C398,398,Fatal,46
C399,399,None,9
C400,400,Serious,41
C401,401,Minor,2
C402,402,Serious,13
C403,403,Minor,11
C404,404,Fatal,6
C405,405,Serious,70
C406,406,Fatal,17
C407,407,Minor,11
C408,408,None,20
C409,409,None,55
C410,410,Fatal,48
C411,411,Fatal,15
C412,412,Serious,30
C413,413,Fatal,10
C414,414,None,46
C415,415,Fatal,64
C416,416,Fatal,19
C417,417,Fatal,22
C418,418,None,59
C419,419,Serious,27
C420,420,Fatal,51
C421,421,Fatal,53
C422,422,Serious,13
C423,423,Fatal,4
C424,424,None,59
C425,425,Serious,42
C426,426,Fatal,18
C427,427,None,53
C428,428,Minor,31
C429,429,Fatal,25
C430,430,Fatal,26
C431,431,Serious,28
C432,432,None,59
C433,433,Fatal,57
C434,434,Minor,24
C435,435,Minor,15
C436,436,Minor,17
C437,437,None,28
C438,438,None,27
C439,439,Serious,22
C440,440,None,45
C441,441,Minor,18
C442,442,Minor,30
C443,443,Serious,5
C444,444,Minor,7
C445,445,None,74
C446,446,None,58
C447,447,Serious,42
C448,448,Minor,47
C449,449,Serious,12
C450,450,None,73
C451,451,None,11
C452,452,None,13
C453,453,Minor,75
C454,454,Serious,45
C455,455,Fatal,3
C456,456,Minor,56
C457,457,Serious,52
C458,458,None,40
C459,459,None,54
C460,460,Serious,19
C461,461,Minor,13
C462,462,None,43
C463,463,Fatal,6
C464,464,None,31
C465,465,None,44
C466,466,Serious,38
C467,467,None,33
C468,468,Fatal,70
C469,469,Serious,57
C470,470,Fatal,7
C471,471,Minor,10
C472,472,None,66
C473,473,None,59
C474,474,Fatal,6
C475,475,Fatal,52
C476,476,Serious,8
C477,477,Serious,54
C478,478,Fatal,28
C479,479,None,34
C480,480,Fatal,12
C481,481,None,18
C482,482,Fatal,2
C483,483,Fatal,34
C484,484,Serious,30
C485,485,None,17
C486,486,Serious,1
C487,487,Serious,57
C488,488,Minor,52
C489,489,None,19
C490,490,Serious,44
C491,491,Fatal,35
C492,492,Fatal,29
C493,493,None,71
C494,494,None,11
C495,495,Minor,73
C496,496,Fatal,55
C497,497,Fatal,19
C498,498,Fatal,73
C499,499,Serious,56
C500,500,Fatal,23
C501,501,Minor,18
C502,502,None,53
C503,503,Serious,3
C504,504,Minor,41
C505,505,Fatal,33
C506,506,Serious,73
C507,507,Minor,75
C508,508,Minor,13
C509,509,Minor,45
C510,510,Minor,74
C511,511,Minor,3
C512,512,Serious,24
C513,513,Minor,62
C514,514,Serious,5
C515,515,Minor,51
C516,516,Fatal,64
C517,517,None,28
C518,518,Minor,61
C519,519,None,15
C520,520,Serious,73
C521,521,Minor,27
C522,522,Fatal,9
C523,523,None,4
C524,524,Serious,6
C525,525,Fatal,60
C526,526,Fatal,18
C527,527,Minor,57
C528,528,Serious,5
C529,529,Fatal,47
C530,530,Fatal,75
C531,531,Serious,23
C532,532,Fatal,43
C533,533,None,40
C534,534,Fatal,51
C535,535,Minor,51
C536,536,Fatal,18
C537,537,None,22
C538,538,Minor,22
C539,539,Fatal,2
C540,540,Fatal,35
C541,541,None,28
C542,542,None,64
C543,543,Serious,43
C544,544,Serious,14
C545,545,None,47
C546,546,Serious,12
C547,547,Serious,54
C548,548,Fatal,28
C549,549,Minor,34
C550,550,Minor,11
C551,551,None,17
C552,552,Minor,42
C553,553,Minor,21
C554,554,None,32
C555,555,Fatal,24
C556,556,None,48
C557,557,Serious,27
C558,558,Serious,5
C559,559,Serious,34
C560,560,None,37
C561,561,Minor,1
C562,562,Minor,35
C563,563,None,48
C564,564,None,9
C565,565,Fatal,59
C566,566,None,27
C567,567,Minor,62
C568,568,None,30
C569,569,Serious,70
C570,570,Minor,11
C571,571,Serious,32
C572,572,Serious,62
C573,573,None,40
C574,574,Serious,13
C575,575,Fatal,51
C576,576,Serious,63
C577,577,Fatal,46
C578,578,Serious,32
C579,579,Minor,64
C580,580,Fatal,10
C581,581,Minor,26
C582,582,Fatal,1
C583,583,Serious,57
C584,584,Minor,74
C585,585,None,37
C586,586,Minor,24
C587,587,Fatal,1
C588,588,Serious,19
C589,589,Minor,48
C590,590,Minor,57
C591,591,Serious,37
C592,592,Serious,5
C593,593,Serious,63
C594,594,None,66
C595,595,Minor,52
C596,596,Minor,72
C597,597,Serious,40
C598,598,Serious,65
C599,599,Minor,16
C600,600,Fatal,46
C601,601,None,51
C602,602,None,64
C603,603,Fatal,3
C604,604,None,28
C605,605,None,45
C606,606,None,54
C607,607,Serious,4
C608,608,Minor,51
C609,609,Serious,35
C610,610,Serious,34
C611,611,Fatal,73
C612,612,Serious,24
C613,613,None,70
C614,614,None,40
C615,615,Minor,63
C616,616,Serious,40
C617,617,Minor,61
C618,618,Serious,32
C619,619,Minor,5
C620,620,Minor,17
C621,621,Minor,44
C622,622,Fatal,51
C623,623,None,15
C624,624,None,66
C625,625,None,49
C626,626,Minor,7
C627,627,Fatal,4
C628,628,None,43
C629,629,Serious,32
C630,630,Fatal,47
C631,631,Serious,27
C632,632,Serious,25
C633,633,Fatal,47
C634,634,Minor,34
C635,635,Serious,67
C636,636,Serious,17
C637,637,None,45
C638,638,Fatal,61
C639,639,Fatal,58
C640,640,Serious,23
C641,641,Minor,71
C642,642,Fatal,39
C643,643,Fatal,63
C644,644,Serious,58
C645,645,Serious,36
C646,646,None,65
C647,647,Fatal,59
C648,648,None,32
C649,649,Fatal,17
C650,650,Minor,22
C651,651,Minor,24
C652,652,Fatal,26
C653,653,Serious,36
C654,654,Minor,47
C655,655,None,31
C656,656,Minor,71
C657,657,Serious,6
C658,658,None,31
C659,659,Minor,1
C660,660,Minor,29
C661,661,Serious,48
C662,662,Serious,32
C663,663,None,2
C664,664,Minor,40
C665,665,Serious,12
C666,666,Minor,29
C667,667,Serious,16
C668,668,Serious,39
C669,669,Minor,61
C670,670,Serious,24
C671,671,None,26
C672,672,Fatal,61
C673,673,None,42
C674,674,Fatal,25
C675,675,None,33
C676,676,Fatal,16
C677,677,Fatal,72
C678,678,Minor,12
C679,679,None,46
C680,680,None,74
C681,681,Fatal,16
C682,682,Minor,24
C683,683,Minor,13
C684,684,Serious,20
C685,685,None,19
C686,686,Fatal,29
C687,687,None,47
C688,688,Minor,12
C689,689,None,6
C690,690,None,26
C691,691,Fatal,20
C692,692,None,10
C693,693,None,70
C694,694,Fatal,46
C695,695,None,74
C696,696,Minor,21
C697,697,Minor,10
C698,698,Fatal,34
C699,699,Fatal,58
C700,700,Serious,74
C701,701,Minor,32
C702,702,Serious,36
C703,703,Serious,55
C704,704,None,60
C705,705,Fatal,13
C706,706,None,26
C707,707,None,71
C708,708,Fatal,2
C709,709,None,57
C710,710,Serious,4
C711,711,None,31
C712,712,None,51
C713,713,Serious,68
C714,714,Fatal,4
C715,715,Serious,28
C716,716,None,61
C717,717,Minor,66
C718,718,Serious,5
C719,719,None,25
C720,720,None,28
C721,721,Minor,19
C722,722,Minor,4
C723,723,Minor,3
C724,724,Minor,2
C725,725,Fatal,53
C726,726,Fatal,66
C727,727,Minor,67
C728,728,None,28
C729,729,None,62
C730,730,Fatal,54
C731,731,Minor,73
C732,732,Minor,26
C733,733,None,21
C734,734,Fatal,33
C735,735,Minor,42
C736,736,Fatal,27
C737,737,Fatal,24
C738,738,Serious,27
C739,739,None,6
C740,740,Serious,46
C741,741,None,22
C742,742,Minor,34
C743,743,Fatal,5
C744,744,None,56
C745,745,Fatal,30
C746,746,Minor,44
C747,747,None,51
C748,748,Fatal,67
C749,749,None,52
C750,750,None,37
C751,751,Fatal,4
C752,752,Fatal,30
C753,753,None,17
C754,754,Fatal,28
C755,755,Minor,33
C756,756,Minor,21
C757,757,None,27
C758,758,Fatal,59
C759,759,Minor,74
C760,760,Minor,49
C761,761,None,54
C762,762,Serious,49
C763,763,None,27
C764,764,Serious,60
C765,765,None,60
C766,766,Minor,71
C767,767,Minor,56
C768,768,Minor,10
C769,769,Serious,18
C770,770,None,44
C771,771,Serious,44
C772,772,Serious,53
C773,773,Serious,42
C774,774,None,44
C775,775,Serious,23
C776,776,None,51
C777,777,Fatal,71
C778,778,Minor,16
C779,779,Minor,35
C780,780,None,50
C781,781,None,30
C782,782,Minor,14
C783,783,Minor,24
C784,784,Minor,4
C785,785,None,35
C786,786,Minor,5
C787,787,None,11
C788,788,Fatal,61
C789,789,Serious,40
C790,790,Minor,34
C791,791,Serious,37
C792,792,None,56
C793,793,Fatal,55
C794,794,None,69
C795,795,None,16
C796,796,Fatal,27
C797,797,None,44
C798,798,Serious,59
C799,799,None,27
C800,800,Fatal,28
C801,801,Fatal,11
C802,802,Fatal,67
C803,803,Fatal,34
C804,804,Fatal,33
C805,805,Minor,43
C806,806,Serious,71
C807,807,Fatal,55
C808,808,Minor,48
C809,809,Serious,43
C810,810,Serious,46
C811,811,Serious,12
C812,812,None,11
C813,813,Minor,75
C814,814,Serious,40
C815,815,Serious,2
C816,816,Serious,29
C817,817,Minor,64
C818,818,Serious,45
C819,819,None,67
C820,820,Minor,60
C821,821,Serious,4
C822,822,Serious,1
C823,823,Serious,34
C824,824,Minor,66
C825,825,Serious,41
C826,826,Minor,67
C827,827,None,29
C828,828,Fatal,27
C829,829,Fatal,19
C830,830,None,20
C831,831,Fatal,74
C832,832,Fatal,54
C833,833,Fatal,3
C834,834,Fatal,33
C835,835,Minor,55
C836,836,None,35
C837,837,Fatal,75
C838,838,None,17
C839,839,Minor,74
C840,840,Fatal,38
C841,841,None,50
C842,842,Fatal,2
C843,843,Serious,14
C844,844,Fatal,39
C845,845,Serious,22
C846,846,None,21
C847,847,Serious,68
C848,848,Minor,7
C849,849,Serious,37
C850,850,Fatal,64
C851,851,Serious,2
C852,852,Fatal,57
C853,853,None,54
C854,854,Serious,54
C855,855,Fatal,4
C856,856,Minor,64
C857,857,Serious,30
C858,858,Serious,58
C859,859,Serious,66
C860,860,Serious,51
C861,861,Serious,48
C862,862,Fatal,68
C863,863,Serious,11
C864,864,Minor,72
C865,865,Serious,18
C866,866,Serious,35
C867,867,Minor,71
C868,868,Minor,18
C869,869,None,64
C870,870,Serious,34
C871,871,Fatal,16
C872,872,Serious,28
C873,873,Minor,53
C874,874,Serious,68
C875,875,None,38
C876,876,Serious,66
C877,877,Serious,62
C878,878,Minor,75
C879,879,None,8
C880,880,Serious,48
C881,881,None,22
C882,882,Fatal,10
C883,883,Fatal,38
C884,884,None,5
C885,885,Fatal,58
C886,886,Fatal,38
C887,887,Serious,3
C888,888,Serious,35
C889,889,Fatal,55
C890,890,Minor,35
C891,891,Serious,26
C892,892,None,64
C893,893,None,47
C894,894,Fatal,24
C895,895,Fatal,3
C896,896,Serious,2
C897,897,Minor,22
C898,898,None,11
C899,899,Serious,73
C900,900,Fatal,11
C901,901,Serious,64
C902,902,None,30
C903,903,Serious,31
C904,904,Minor,10
C905,905,None,33
C906,906,Fatal,74
C907,907,Minor,49
C908,908,Serious,60
C909,909,Minor,37
C910,910,Minor,56
C911,911,Serious,26
C912,912,None,47
C913,913,None,39
C914,914,Fatal,29
C915,915,None,73
C916,916,Fatal,25
C917,917,Minor,34
C918,918,Serious,52
C919,919,None,24
C920,920,Fatal,53
C921,921,None,18
C922,922,Serious,35
C923,923,Serious,1
C924,924,Fatal,9
C925,925,Minor,65
C926,926,Fatal,18
C927,927,Minor,60
C928,928,Serious,3
C929,929,Serious,5
C930,930,Fatal,73
C931,931,Minor,52
C932,932,Fatal,2
C933,933,Fatal,54
C934,934,None,49
C935,935,Minor,68
C936,936,Serious,4
C937,937,Minor,53
C938,938,Serious,4
C939,939,None,17
C940,940,Fatal,69
C941,941,None,32
C942,942,Minor,58
C943,943,Serious,59
C944,944,Minor,26
C945,945,None,55
C946,946,Serious,21
C947,947,Fatal,45
C948,948,Fatal,74
C949,949,Minor,55
C950,950,Minor,68
C951,951,Fatal,43
C952,952,Minor,27
C953,953,None,35
C954,954,Fatal,28
C955,955,Minor,59
C956,956,None,59
C957,957,Serious,5
C958,958,None,31
C959,959,Fatal,40
C960,960,None,36
C961,961,Serious,21
C962,962,Fatal,53
C963,963,Minor,54
C964,964,Fatal,35
C965,965,Serious,36
C966,966,None,59
C967,967,Minor,30
C968,968,Fatal,50
C969,969,None,16
C970,970,Fatal,47
C971,971,None,8
C972,972,Fatal,11
C973,973,Fatal,65
C974,974,None,24
C975,975,Fatal,74
C976,976,Serious,40
C977,977,Serious,64
C978,978,Serious,20
C979,979,Minor,39
C980,980,Fatal,72
C981,981,Serious,60
C982,982,Serious,40
C983,983,None,33
C984,984,None,18
C985,985,Fatal,45
C986,986,Minor,32
C987,987,Fatal,31
C988,988,Serious,63
C989,989,Minor,36
C990,990,None,68
C991,991,None,56
C992,992,Serious,70
C993,993,Minor,22
C994,994,Serious,60
C995,995,Serious,70
C996,996,Serious,15
C997,997,Fatal,68
C998,998,None,17
C999,999,Fatal,47
C1000,1000,Serious,26
C1001,1001,None,24
C1002,1002,Minor,72
C1003,1003,Fatal,51
C1004,1004,Serious,73
C1005,1005,None,6
C1006,1006,None,59
C1007,1007,Serious,72
C1008,1008,Minor,67
C1009,1009,None,47
C1010,1010,Serious,16
C1011,1011,Minor,32
C1012,1012,Fatal,21
C1013,1013,Serious,49
C1014,1014,Minor,10
C1015,1015,Serious,2
C1016,1016,Minor,50
C1017,1017,Minor,71
C1018,1018,Minor,67
C1019,1019,Minor,16
C1020,1020,Minor,67
C1021,1021,Serious,51
C1022,1022,None,12
C1023,1023,None,16
C1024,1024,Fatal,52
C1025,1025,Minor,75
C1026,1026,Fatal,69
C1027,1027,Minor,67
C1028,1028,Serious,68
C1029,1029,Fatal,42
C1030,1030,Serious,14
C1031,1031,Serious,11
C1032,1032,None,17
C1033,1033,None,72
C1034,1034,Serious,37
C1035,1035,Fatal,5
C1036,1036,Fatal,46
C1037,1037,Serious,65
C1038,1038,Serious,36
C1039,1039,Fatal,40
C1040,1040,Minor,33
C1041,1041,Fatal,69
C1042,1042,None,46
C1043,1043,Serious,69
C1044,1044,Fatal,37
C1045,1045,Serious,26
C1046,1046,Minor,5
C1047,1047,Minor,49
C1048,1048,Minor,40
C1049,1049,Serious,52
C1050,1050,None,38
C1051,1051,Minor,32
C1052,1052,Fatal,68
C1053,1053,None,15
C1054,1054,None,27
C1055,1055,Minor,26
C1056,1056,Minor,6
C1057,1057,Minor,15
C1058,1058,None,19
C1059,1059,None,4
C1060,1060,Serious,1
C1061,1061,None,21
C1062,1062,None,18
C1063,1063,Fatal,1
C1064,1064,Minor,45
C1065,1065,None,3
C1066,1066,Serious,34
C1067,1067,Serious,2
C1068,1068,Fatal,29
C1069,1069,None,64
C1070,1070,None,31
C1071,1071,Minor,23
C1072,1072,Fatal,57
C1073,1073,Minor,75
C1074,1074,Serious,4
C1075,1075,Fatal,70
C1076,1076,Fatal,42
C1077,1077,Fatal,50
C1078,1078,Serious,62
C1079,1079,None,39
C1080,1080,Fatal,30
C1081,1081,None,55
C1082,1082,Fatal,53
C1083,1083,None,20
C1084,1084,None,55
C1085,1085,None,62
C1086,1086,Fatal,32
C1087,1087,Fatal,54
C1088,1088,None,70
C1089,1089,Serious,58
C1090,1090,Fatal,20
C1091,1091,None,13
C1092,1092,Fatal,62
C1093,1093,None,56
C1094,1094,Serious,70
C1095,1095,Serious,3
C1096,1096,None,63
C1097,1097,Fatal,23
C1098,1098,Serious,53
C1099,1099,Minor,30
C1100,1100,Minor,41
C1101,1101,Fatal,3
C1102,1102,Serious,8
C1103,1103,Minor,20
C1104,1104,Minor,20
C1105,1105,Fatal,20
C1106,1106,Fatal,13
C1107,1107,None,42
C1108,1108,None,8
C1109,1109,None,36
C1110,1110,None,14
C1111,1111,Minor,30
C1112,1112,Minor,58
C1113,1113,Minor,40
C1114,1114,Serious,49
C1115,1115,None,3
C1116,1116,Fatal,29
C1117,1117,Minor,5
C1118,1118,Fatal,17
C1119,1119,Fatal,64
C1120,1120,None,20
C1121,1121,Fatal,51
C1122,1122,Serious,40
C1123,1123,Serious,34
C1124,1124,Minor,67
C1125,1125,Fatal,65
C1126,1126,Serious,52
C1127,1127,Serious,1
C1128,1128,Serious,68
C1129,1129,None,65
C1130,1130,Serious,1
C1131,1131,Serious,41
C1132,1132,Serious,45
C1133,1133,None,59
C1134,1134,Minor,2
C1135,1135,Fatal,26
C1136,1136,Fatal,34
C1137,1137,None,73
C1138,1138,None,18
C1139,1139,Minor,25
C1140,1140,None,7
C1141,1141,Serious,60
C1142,1142,Minor,40
C1143,1143,Fatal,60
C1144,1144,Minor,11
C1145,1145,Minor,42
C1146,1146,Fatal,42
C1147,1147,Fatal,1
C1148,1148,Serious,52
C1149,1149,Minor,53
C1150,1150,Minor,64
C1151,1151,Fatal,68
C1152,1152,Minor,67
C1153,1153,Minor,49
C1154,1154,Minor,14
C1155,1155,Minor,10
C1156,1156,Serious,8
C1157,1157,Minor,59
C1158,1158,None,46
C1159,1159,Fatal,25
C1160,1160,None,44
C1161,1161,None,34
C1162,1162,None,39
C1163,1163,Serious,13
C1164,1164,Serious,63
C1165,1165,Serious,60
C1166,1166,None,45
C1167,1167,Serious,47
C1168,1168,Minor,30
C1169,1169,Fatal,36
C1170,1170,None,16
C1171,1171,None,29
C1172,1172,Minor,28
C1173,1173,Fatal,67
C1174,1174,Fatal,30
C1175,1175,None,19
C1176,1176,Minor,53
C1177,1177,None,69
C1178,1178,Serious,20
C1179,1179,None,10
C1180,1180,Minor,39
C1181,1181,Minor,20
C1182,1182,Fatal,49
C1183,1183,Minor,45
C1184,1184,Serious,52
C1185,1185,Serious,64
C1186,1186,Serious,44
C1187,1187,Fatal,15
C1188,1188,Fatal,51
C1189,1189,Minor,40
C1190,1190,Serious,72
C1191,1191,Minor,62
C1192,1192,Fatal,1
C1193,1193,None,47
C1194,1194,None,3
C1195,1195,Fatal,58
C1196,1196,Fatal,34
C1197,1197,None,9
C1198,1198,Serious,45
C1199,1199,Serious,61
C1200,1200,Minor,57
C1201,1201,Minor,47
C1202,1202,None,22
C1203,1203,Minor,46
C1204,1204,Fatal,58
C1205,1205,Minor,60
C1206,1206,Serious,74
C1207,1207,Fatal,62
C1208,1208,Serious,64
C1209,1209,Fatal,62
C1210,1210,None,64
C1211,1211,Serious,41
C1212,1212,Serious,1
C1213,1213,Serious,35
C1214,1214,None,8
C1215,1215,Serious,55
C1216,1216,Minor,29
C1217,1217,Serious,27
C1218,1218,Minor,50
C1219,1219,Serious,65
C1220,1220,None,45
C1221,1221,Minor,38
C1222,1222,Fatal,68
C1223,1223,Minor,25
C1224,1224,Fatal,60
C1225,1225,Serious,27
C1226,1226,None,16
C1227,1227,Serious,57
C1228,1228,None,31
C1229,1229,Fatal,2
C1230,1230,None,16
C1231,1231,Serious,26
C1232,1232,Minor,2
C1233,1233,Serious,3
C1234,1234,Serious,72
C1235,1235,Minor,34
C1236,1236,Minor,50
C1237,1237,Serious,70
C1238,1238,Fatal,70
C1239,1239,None,54
C1240,1240,Fatal,69
C1241,1241,None,56
C1242,1242,None,48
C1243,1243,Fatal,4
C1244,1244,Fatal,13
C1245,1245,Serious,56
C1246,1246,Serious,9
C1247,1247,Serious,4
C1248,1248,Minor,19
C1249,1249,Fatal,49
C1250,1250,None,60
C1251,1251,Fatal,74
C1252,1252,Fatal,47
C1253,1253,Fatal,38
C1254,1254,None,20
C1255,1255,Serious,59
C1256,1256,Minor,67
C1257,1257,None,33
C1258,1258,Serious,34
C1259,1259,Fatal,8
C1260,1260,Serious,65
C1261,1261,Fatal,68
C1262,1262,Serious,59
C1263,1263,None,2
C1264,1264,None,15
C1265,1265,Serious,44
C1266,1266,Serious,6
C1267,1267,Fatal,32
C1268,1268,Minor,13
C1269,1269,Minor,41
C1270,1270,None,1
C1271,1271,Fatal,27
C1272,1272,Minor,35
C1273,1273,Fatal,31
C1274,1274,Fatal,68
C1275,1275,None,40
C1276,1276,Minor,22
C1277,1277,Serious,48
C1278,1278,Serious,75
C1279,1279,None,14
C1280,1280,Minor,47
C1281,1281,Fatal,18
C1282,1282,Fatal,43
C1283,1283,Fatal,5
C1284,1284,Serious,59
C1285,1285,None,23
C1286,1286,None,17
C1287,1287,Fatal,25
C1288,1288,Minor,64
C1289,1289,Serious,19
C1290,1290,None,62
C1291,1291,Serious,75
C1292,1292,Serious,46
C1293,1293,None,19
C1294,1294,Serious,46
C1295,1295,Minor,10
C1296,1296,Serious,41
C1297,1297,None,68
C1298,1298,Fatal,44
C1299,1299,None,29
C1300,1300,Fatal,37
C1301,1301,Serious,56
C1302,1302,None,69
C1303,1303,Serious,68
C1304,1304,Serious,51
C1305,1305,Minor,62
C1306,1306,None,51
C1307,1307,None,65
C1308,1308,Serious,3
C1309,1309,Serious,9
C1310,1310,Serious,20
C1311,1311,Minor,66
C1312,1312,Minor,69
C1313,1313,Fatal,12
C1314,1314,Serious,59
C1315,1315,Fatal,19
C1316,1316,Minor,4
C1317,1317,Fatal,19
C1318,1318,Serious,37
C1319,1319,Serious,71
C1320,1320,None,71
C1321,1321,Serious,71
C1322,1322,Minor,2
C1323,1323,Fatal,67
C1324,1324,Minor,36
C1325,1325,Fatal,47
C1326,1326,None,16
C1327,1327,Minor,71
C1328,1328,Serious,33
C1329,1329,None,14
C1330,1330,Fatal,25
C1331,1331,Fatal,52
C1332,1332,None,58
C1333,1333,Serious,37
C1334,1334,Serious,1
C1335,1335,None,41
C1336,1336,Fatal,22
C1337,1337,Minor,15
C1338,1338,Minor,69
C1339,1339,Minor,9
C1340,1340,Minor,22
C1341,1341,None,70
C1342,1342,Minor,26
C1343,1343,None,70
C1344,1344,Minor,24
C1345,1345,None,52
C1346,1346,None,69
C1347,1347,None,73
C1348,1348,Fatal,32
C1349,1349,None,25
C1350,1350,Serious,69
C1351,1351,Minor,5
C1352,1352,None,57
C1353,1353,Serious,69
C1354,1354,None,11
C1355,1355,Serious,9
C1356,1356,None,47
C1357,1357,Serious,48
C1358,1358,None,72
C1359,1359,Fatal,74
C1360,1360,None,32
C1361,1361,Minor,72
C1362,1362,Serious,38
C1363,1363,Minor,57
C1364,1364,Serious,72
C1365,1365,None,54
C1366,1366,Fatal,11
C1367,1367,Minor,50
C1368,1368,Fatal,34
C1369,1369,Minor,34
C1370,1370,Fatal,25
C1371,1371,None,8
C1372,1372,Minor,34
C1373,1373,Minor,18
C1374,1374,Serious,67
C1375,1375,Minor,39
C1376,1376,Minor,6
C1377,1377,None,31
C1378,1378,Minor,42
C1379,1379,Serious,56
C1380,1380,None,22
C1381,1381,None,63
C1382,1382,Serious,5
C1383,1383,Serious,6
C1384,1384,Minor,69
C1385,1385,Minor,39
C1386,1386,Minor,50
C1387,1387,None,10
C1388,1388,Minor,9
C1389,1389,Serious,8
C1390,1390,Fatal,50
C1391,1391,Serious,50
C1392,1392,Fatal,70
C1393,1393,None,5
C1394,1394,Minor,18
C1395,1395,Minor,75
C1396,1396,Fatal,44
C1397,1397,None,51
C1398,1398,Minor,28
C1399,1399,None,39
C1400,1400,Serious,20
C1401,1401,None,43
C1402,1402,Serious,66
C1403,1403,Minor,69
C1404,1404,None,61
C1405,1405,Fatal,4
C1406,1406,Minor,11
C1407,1407,Minor,38
C1408,1408,Minor,12
C1409,1409,Fatal,50
C1410,1410,Fatal,72
C1411,1411,Fatal,70
C1412,1412,Serious,74
C1413,1413,Serious,60
C1414,1414,Minor,19
C1415,1415,Fatal,13
C1416,1416,Fatal,71
C1417,1417,Minor,3
C1418,1418,Minor,62
C1419,1419,None,30
C1420,1420,Fatal,18
C1421,1421,Minor,56
C1422,1422,Fatal,22
C1423,1423,None,63
C1424,1424,Minor,1
C1425,1425,None,21
C1426,1426,None,19
C1427,1427,Serious,68
C1428,1428,None,15
C1429,1429,Serious,61
C1430,1430,Serious,40
C1431,1431,None,11
C1432,1432,Fatal,34
C1433,1433,Serious,24
C1434,1434,None,18
C1435,1435,Fatal,4
C1436,1436,Minor,37
C1437,1437,Serious,17
C1438,1438,Fatal,19
C1439,1439,Serious,49
C1440,1440,Minor,74
C1441,1441,Serious,61
C1442,1442,Fatal,45
C1443,1443,Minor,35
C1444,1444,Serious,19
C1445,1445,Serious,19
C1446,1446,Serious,43
C1447,1447,None,35
C1448,1448,None,60
C1449,1449,None,60
C1450,1450,Serious,18
C1451,1451,Serious,40
C1452,1452,Serious,3
C1453,1453,None,67
C1454,1454,Minor,73
C1455,1455,None,73
C1456,1456,Minor,56
C1457,1457,None,30
C1458,1458,Fatal,63
C1459,1459,Fatal,61
C1460,1460,Minor,75
C1461,1461,Minor,54
C1462,1462,None,15
C1463,1463,Serious,63
C1464,1464,Serious,27
C1465,1465,Fatal,35
C1466,1466,Serious,43
C1467,1467,Fatal,38
C1468,1468,Fatal,26
C1469,1469,Fatal,18
C1470,1470,Minor,34
C1471,1471,Fatal,6
C1472,1472,Serious,67
C1473,1473,None,60
C1474,1474,Minor,13
C1475,1475,None,63
C1476,1476,Minor,74
C1477,1477,Fatal,5
C1478,1478,Minor,46
C1479,1479,None,25
C1480,1480,Fatal,5
C1481,1481,Fatal,32
C1482,1482,Serious,19
C1483,1483,None,34
C1484,1484,Fatal,31
C1485,1485,Serious,16
C1486,1486,None,4
C1487,1487,Fatal,49
C1488,1488,Minor,39
C1489,1489,Minor,15
C1490,1490,Serious,56
C1491,1491,Fatal,38
C1492,1492,Serious,68
C1493,1493,Fatal,70
C1494,1494,None,25
C1495,1495,Fatal,6
C1496,1496,Fatal,33
C1497,1497,Serious,33
C1498,1498,Serious,59
C1499,1499,Fatal,75
C1500,1500,Minor,3
C1501,1501,Fatal,29
C1502,1502,Minor,71
C1503,1503,Serious,73
C1504,1504,Serious,63
C1505,1505,Minor,30
C1506,1506,Minor,61
C1507,1507,Serious,50
C1508,1508,Fatal,25
C1509,1509,Serious,68
C1510,1510,Minor,60
C1511,1511,Serious,59
C1512,1512,Serious,26
C1513,1513,None,46
C1514,1514,Minor,21
C1515,1515,Fatal,62
C1516,1516,Serious,21
C1517,1517,Minor,26
C1518,1518,Fatal,29
C1519,1519,Serious,40
C1520,1520,Serious,6
C1521,1521,Minor,48
C1522,1522,Serious,8
C1523,1523,Minor,43
C1524,1524,Minor,57
C1525,1525,Minor,59
C1526,1526,None,68
C1527,1527,Minor,70
C1528,1528,Fatal,64
C1529,1529,None,53
C1530,1530,Serious,28
C1531,1531,Minor,66
C1532,1532,Minor,67
C1533,1533,Serious,18
C1534,1534,Minor,61
C1535,1535,Serious,2
C1536,1536,Fatal,3
C1537,1537,Minor,7
C1538,1538,Fatal,11
C1539,1539,None,51
C1540,1540,Fatal,6
C1541,1541,None,27
C1542,1542,None,72
C1543,1543,None,28
C1544,1544,Serious,47
C1545,1545,None,23
C1546,1546,None,42
C1547,1547,Minor,68
C1548,1548,None,65
C1549,1549,Minor,29
C1550,1550,Serious,59
C1551,1551,Minor,47
C1552,1552,None,37
C1553,1553,Minor,59
C1554,1554,Minor,15
C1555,1555,Serious,39
C1556,1556,Serious,15
C1557,1557,Serious,41
C1558,1558,Minor,35
C1559,1559,None,61
C1560,1560,None,58
C1561,1561,None,36
C1562,1562,None,2
C1563,1563,Fatal,21
C1564,1564,None,74
C1565,1565,None,8
C1566,1566,None,61
C1567,1567,Serious,26
C1568,1568,None,63
C1569,1569,None,68
C1570,1570,Fatal,33
C1571,1571,Serious,21
C1572,1572,Serious,26
C1573,1573,Fatal,41
C1574,1574,Fatal,67
C1575,1575,Serious,43
C1576,1576,Minor,51
C1577,1577,None,50
C1578,1578,None,46
C1579,1579,Fatal,60
C1580,1580,None,21
C1581,1581,None,3
C1582,1582,Minor,3
C1583,1583,Minor,48
C1584,1584,None,19
C1585,1585,Minor,63
C1586,1586,Minor,74
C1587,1587,None,50
C1588,1588,None,69
C1589,1589,Serious,28
C1590,1590,Fatal,72
C1591,1591,Fatal,61
C1592,1592,None,21
C1593,1593,Minor,2
C1594,1594,Serious,39
C1595,1595,None,36
C1596,1596,Serious,73
C1597,1597,None,39
C1598,1598,Serious,73
C1599,1599,None,71
C1600,1600,Serious,48
C1601,1601,Minor,74
C1602,1602,None,59
C1603,1603,Fatal,19
C1604,1604,None,54
C1605,1605,Serious,43
C1606,1606,Minor,22
C1607,1607,Serious,40
C1608,1608,Fatal,10
C1609,1609,None,23
C1610,1610,Minor,44
C1611,1611,None,30
C1612,1612,Serious,8
C1613,1613,Fatal,28
C1614,1614,Serious,71
C1615,1615,Fatal,60
C1616,1616,Fatal,1
C1617,1617,Fatal,18
C1618,1618,Serious,52
C1619,1619,Minor,53
C1620,1620,Minor,24
C1621,1621,None,67
C1622,1622,Fatal,31
C1623,1623,Serious,16
C1624,1624,Fatal,24
C1625,1625,Fatal,30
C1626,1626,None,28
C1627,1627,Minor,23
C1628,1628,Serious,48
C1629,1629,None,45
C1630,1630,Serious,2
C1631,1631,None,57
C1632,1632,Minor,57
C1633,1633,Minor,48
C1634,1634,Serious,19
C1635,1635,Minor,32
C1636,1636,None,7
C1637,1637,None,4
C1638,1638,Minor,27
C1639,1639,Serious,57
C1640,1640,Fatal,5
C1641,1641,Serious,68
C1642,1642,Fatal,73
C1643,1643,None,13
C1644,1644,Fatal,38
C1645,1645,Minor,12
C1646,1646,Fatal,52
C1647,1647,None,69
C1648,1648,Minor,25
C1649,1649,None,18
C1650,1650,Minor,66
C1651,1651,Minor,30
C1652,1652,Fatal,55
C1653,1653,Minor,11
C1654,1654,Minor,16
C1655,1655,Fatal,60
C1656,1656,Serious,22
C1657,1657,None,65
C1658,1658,Fatal,65
C1659,1659,Minor,58
C1660,1660,Fatal,1
C1661,1661,Minor,36
C1662,1662,None,10
C1663,1663,Fatal,4
C1664,1664,Serious,20
C1665,1665,Fatal,55
C1666,1666,Fatal,57
C1667,1667,Fatal,50
C1668,1668,Minor,72
C1669,1669,None,69
C1670,1670,Minor,14
C1671,1671,Fatal,73
C1672,1672,Minor,7
C1673,1673,Serious,55
C1674,1674,Serious,62
C1675,1675,Minor,7
C1676,1676,Minor,1
C1677,1677,Minor,48
C1678,1678,Fatal,39
C1679,1679,None,16
C1680,1680,None,39
C1681,1681,Minor,12
C1682,1682,Fatal,69
C1683,1683,Fatal,5
C1684,1684,None,56
C1685,1685,Serious,33
C1686,1686,Fatal,10
C1687,1687,Minor,60
C1688,1688,Minor,59
C1689,1689,Fatal,29
C1690,1690,Minor,62
C1691,1691,None,63
C1692,1692,Minor,42
C1693,1693,Fatal,47
C1694,1694,Fatal,26
C1695,1695,Serious,70
C1696,1696,Fatal,39
C1697,1697,None,11
C1698,1698,Fatal,66
C1699,1699,Minor,25
C1700,1700,Fatal,43
C1701,1701,Minor,5
C1702,1702,Minor,29
C1703,1703,None,62
C1704,1704,Minor,51
C1705,1705,Fatal,12
C1706,1706,Fatal,61
C1707,1707,Fatal,66
C1708,1708,Minor,8
C1709,1709,None,5
C1710,1710,Serious,51
C1711,1711,Serious,74
C1712,1712,Minor,32
C1713,1713,Fatal,41
C1714,1714,Serious,7
C1715,1715,None,14
C1716,1716,Minor,28
C1717,1717,Minor,38
C1718,1718,Serious,27
C1719,1719,Fatal,35
C1720,1720,None,15
C1721,1721,Fatal,49
C1722,1722,None,74
C1723,1723,None,65
C1724,1724,Fatal,18
C1725,1725,Serious,37
C1726,1726,Minor,68
C1727,1727,None,15
C1728,1728,Serious,16
C1729,1729,Minor,24
C1730,1730,Minor,5
C1731,1731,Fatal,71
C1732,1732,Fatal,15
C1733,1733,None,56
C1734,1734,Minor,7
C1735,1735,Fatal,35
C1736,1736,Minor,60
C1737,1737,Minor,58
C1738,1738,Minor,64
C1739,1739,Minor,9
C1740,1740,Fatal,52
C1741,1741,Minor,42
C1742,1742,Fatal,43
C1743,1743,Serious,75
C1744,1744,Fatal,5
C1745,1745,Fatal,9
C1746,1746,Minor,73
C1747,1747,Serious,8
C1748,1748,Fatal,47
C1749,1749,Minor,15
C1750,1750,Serious,30
C1751,1751,Minor,59
C1752,1752,Fatal,39
C1753,1753,Minor,12
C1754,1754,None,39
C1755,1755,None,49
C1756,1756,None,37
C1757,1757,Serious,12
C1758,1758,None,42
C1759,1759,Minor,17
C1760,1760,None,71
C1761,1761,Fatal,8
C1762,1762,Fatal,34
C1763,1763,None,43
C1764,1764,Serious,42
C1765,1765,None,72
C1766,1766,None,22
C1767,1767,Fatal,54
C1768,1768,Fatal,19
C1769,1769,None,42
C1770,1770,Serious,35
C1771,1771,Fatal,63
C1772,1772,Minor,6
C1773,1773,Fatal,70
C1774,1774,Minor,34
C1775,1775,None,59
C1776,1776,Minor,6
C1777,1777,Minor,36
C1778,1778,None,18
C1779,1779,None,26
C1780,1780,Fatal,12
C1781,1781,Minor,28
C1782,1782,Fatal,24
C1783,1783,Serious,30
C1784,1784,Fatal,50
C1785,1785,Serious,44
C1786,1786,Fatal,65
C1787,1787,Minor,61
C1788,1788,Fatal,72
C1789,1789,Minor,38
C1790,1790,Fatal,6
C1791,1791,Fatal,52
C1792,1792,Minor,74
C1793,1793,Minor,18
C1794,1794,Minor,4
C1795,1795,None,18
C1796,1796,Minor,68
C1797,1797,Serious,53
C1798,1798,None,7
C1799,1799,Minor,52
C1800,1800,Minor,67
C1801,1801,Minor,15
C1802,1802,Fatal,48
C1803,1803,Minor,59
C1804,1804,Minor,57
C1805,1805,Fatal,23
C1806,1806,Minor,62
C1807,1807,Fatal,43
C1808,1808,Fatal,1
C1809,1809,None,13
C1810,1810,Fatal,25
C1811,1811,Serious,56
C1812,1812,Serious,74
C1813,1813,None,68
C1814,1814,Serious,16
C1815,1815,Serious,53
C1816,1816,Serious,8
C1817,1817,Fatal,36
C1818,1818,Minor,16
C1819,1819,None,2
C1820,1820,None,48
C1821,1821,Fatal,73
C1822,1822,Minor,70
C1823,1823,None,18
C1824,1824,Minor,39
C1825,1825,Fatal,34
C1826,1826,Serious,20
C1827,1827,Fatal,6
C1828,1828,Minor,25
C1829,1829,Fatal,5
C1830,1830,None,60
C1831,1831,None,11
C1832,1832,Serious,4
C1833,1833,Minor,74
C1834,1834,Minor,74
C1835,1835,Fatal,16
C1836,1836,Minor,71
C1837,1837,Minor,11
C1838,1838,Minor,18
C1839,1839,Fatal,28
C1840,1840,None,29
C1841,1841,Serious,32
C1842,1842,Fatal,53
C1843,1843,Fatal,18
C1844,1844,Minor,3
C1845,1845,Minor,23
C1846,1846,None,65
C1847,1847,Serious,12
C1848,1848,Minor,17
C1849,1849,Fatal,11
C1850,1850,Fatal,57
C1851,1851,Fatal,68
C1852,1852,None,5
C1853,1853,Fatal,39
C1854,1854,Serious,30
C1855,1855,None,14
C1856,1856,None,25
C1857,1857,Fatal,10
C1858,1858,Minor,20
C1859,1859,Serious,41
C1860,1860,Minor,41
C1861,1861,Minor,33
C1862,1862,Minor,59
C1863,1863,Minor,56
C1864,1864,Serious,54
C1865,1865,Minor,37
C1866,1866,Serious,25
C1867,1867,Serious,50
C1868,1868,Fatal,23
C1869,1869,Fatal,40
C1870,1870,Serious,58
C1871,1871,Fatal,69
C1872,1872,None,2
C1873,1873,None,16
C1874,1874,None,13
C1875,1875,Minor,11
C1876,1876,Minor,45
C1877,1877,Serious,64
C1878,1878,None,52
C1879,1879,Minor,26
C1880,1880,None,18
C1881,1881,None,49
C1882,1882,Minor,35
C1883,1883,Serious,75
C1884,1884,Serious,5
C1885,1885,Fatal,30
C1886,1886,None,63
C1887,1887,None,54
C1888,1888,Fatal,33
C1889,1889,None,35
C1890,1890,None,6
C1891,1891,None,64
C1892,1892,Serious,18
C1893,1893,Minor,34
C1894,1894,None,33
C1895,1895,Serious,48
C1896,1896,None,38
C1897,1897,Serious,67
C1898,1898,Fatal,39
C1899,1899,Minor,60
C1900,1900,None,33
C1901,1901,None,5
C1902,1902,Serious,1
C1903,1903,Minor,36
C1904,1904,None,37
C1905,1905,Fatal,26
C1906,1906,Serious,45
C1907,1907,None,31
C1908,1908,Fatal,11
C1909,1909,Minor,24
C1910,1910,Serious,60
C1911,1911,Serious,55
C1912,1912,None,19
C1913,1913,None,29
C1914,1914,Serious,68
C1915,1915,Fatal,16
C1916,1916,None,31
C1917,1917,None,74
C1918,1918,Fatal,29
C1919,1919,None,7
C1920,1920,None,9
C1921,1921,Serious,65
C1922,1922,Serious,15
C1923,1923,Serious,69
C1924,1924,None,11
C1925,1925,Minor,69
C1926,1926,None,60
C1927,1927,Fatal,52
C1928,1928,Fatal,44
C1929,1929,None,32
C1930,1930,Minor,58
C1931,1931,Serious,37
C1932,1932,Minor,73
C1933,1933,Minor,62
C1934,1934,Minor,23
C1935,1935,Serious,46
C1936,1936,None,31
C1937,1937,Fatal,1
C1938,1938,Fatal,45
C1939,1939,Minor,62
C1940,1940,Serious,56
C1941,1941,Fatal,56
C1942,1942,Serious,34
C1943,1943,Minor,25
C1944,1944,None,3
C1945,1945,Minor,6
C1946,1946,Minor,51
C1947,1947,Fatal,59
C1948,1948,Serious,15
C1949,1949,None,26
C1950,1950,Minor,15
C1951,1951,Minor,16
C1952,1952,None,47
C1953,1953,Serious,25
C1954,1954,Minor,32
C1955,1955,Fatal,35
C1956,1956,None,14
C1957,1957,Serious,65
C1958,1958,None,21
C1959,1959,Fatal,36
C1960,1960,Fatal,46
C1961,1961,Minor,68
C1962,1962,Serious,55
C1963,1963,Serious,64
C1964,1964,Fatal,7
C1965,1965,Serious,37
C1966,1966,Fatal,40
C1967,1967,Minor,40
C1968,1968,Fatal,42
C1969,1969,Fatal,64
C1970,1970,None,33
C1971,1971,None,68
C1972,1972,Fatal,40
C1973,1973,Fatal,30
C1974,1974,Minor,20
C1975,1975,Minor,37
C1976,1976,Minor,11
C1977,1977,Fatal,56
C1978,1978,Fatal,40
C1979,1979,Serious,25
C1980,1980,Fatal,51
C1981,1981,None,11
C1982,1982,Serious,47
C1983,1983,Minor,20
C1984,1984,Serious,30
C1985,1985,Serious,74
C1986,1986,None,27
C1987,1987,Minor,57
C1988,1988,None,37
C1989,1989,Minor,18
C1990,1990,Fatal,2
C1991,1991,Serious,75
C1992,1992,None,27
C1993,1993,Serious,31
C1994,1994,Minor,29
C1995,1995,None,34
C1996,1996,Fatal,70
C1997,1997,None,29
C1998,1998,Fatal,14
C1999,1999,None,3
C2000,2000,Fatal,65
C2001,2001,None,53
C2002,2002,Fatal,53
C2003,2003,None,66
C2004,2004,Serious,53
C2005,2005,Minor,59
C2006,2006,Fatal,70
C2007,2007,Serious,41
C2008,2008,None,68
C2009,2009,Serious,62
C2010,2010,Serious,73
C2011,2011,Fatal,29
C2012,2012,Fatal,74
C2013,2013,Serious,51
C2014,2014,Fatal,5
C2015,2015,Serious,12
C2016,2016,Fatal,43
C2017,2017,Minor,70
C2018,2018,None,51
C2019,2019,None,33
C2020,2020,Serious,66
C2021,2021,Fatal,2
C2022,2022,None,41
C2023,2023,Minor,42
C2024,2024,Serious,18
C2025,2025,Fatal,42
C2026,2026,Fatal,10
C2027,2027,None,52
C2028,2028,Minor,11
C2029,2029,Serious,41
C2030,2030,None,35
C2031,2031,Fatal,36
C2032,2032,Fatal,71
C2033,2033,None,63
C2034,2034,Serious,28
C2035,2035,None,42
C2036,2036,Fatal,22
C2037,2037,Fatal,74
C2038,2038,Fatal,19
C2039,2039,Serious,51
C2040,2040,Minor,45
C2041,2041,Minor,43
C2042,2042,Minor,47
C2043,2043,None,51
C2044,2044,Fatal,37
C2045,2045,Serious,39
C2046,2046,Minor,22
C2047,2047,Minor,26
C2048,2048,Minor,3
C2049,2049,Serious,50
C2050,2050,Minor,51
C2051,2051,Serious,60
C2052,2052,Fatal,8
C2053,2053,Serious,6
C2054,2054,Minor,12
C2055,2055,None,40
C2056,2056,None,4
C2057,2057,Fatal,62
C2058,2058,None,51
C2059,2059,None,35
C2060,2060,Minor,42
C2061,2061,Fatal,16
C2062,2062,None,7
C2063,2063,Serious,20
C2064,2064,None,73
C2065,2065,None,30
C2066,2066,Minor,75
C2067,2067,Minor,3
C2068,2068,Serious,23
C2069,2069,Minor,70
C2070,2070,Minor,50
C2071,2071,Fatal,17
C2072,2072,Minor,44
C2073,2073,None,20
C2074,2074,Minor,62
C2075,2075,Fatal,58
C2076,2076,Minor,38
C2077,2077,None,40
C2078,2078,Minor,42
C2079,2079,Serious,63
C2080,2080,Minor,20
C2081,2081,Minor,8
C2082,2082,Serious,69
C2083,2083,Serious,25
C2084,2084,None,37
C2085,2085,Serious,34
C2086,2086,Minor,50
C2087,2087,Minor,12
C2088,2088,Serious,41
C2089,2089,Minor,36
C2090,2090,Fatal,15
C2091,2091,Serious,46
C2092,2092,Minor,18
C2093,2093,Serious,38
C2094,2094,Minor,42
C2095,2095,Fatal,52
C2096,2096,None,64
C2097,2097,None,50
C2098,2098,Fatal,35
C2099,2099,Serious,16
C2100,2100,Minor,65
C2101,2101,None,2
C2102,2102,Minor,24
C2103,2103,Fatal,29
C2104,2104,None,40
C2105,2105,None,23
C2106,2106,None,48
C2107,2107,Serious,51
C2108,2108,Minor,26
C2109,2109,Minor,46
C2110,2110,Minor,59
C2111,2111,Fatal,30
C2112,2112,Serious,1
C2113,2113,Fatal,64
C2114,2114,Serious,43
C2115,2115,None,48
C2116,2116,Fatal,73
C2117,2117,Fatal,56
C2118,2118,None,40
C2119,2119,Fatal,4
C2120,2120,Minor,45
C2121,2121,Minor,34
C2122,2122,None,38
C2123,2123,Minor,68
C2124,2124,Minor,53
C2125,2125,Serious,54
C2126,2126,Minor,44
C2127,2127,Fatal,21
C2128,2128,Minor,59
C2129,2129,None,29
C2130,2130,None,66
C2131,2131,Fatal,2
C2132,2132,None,51
C2133,2133,None,30
C2134,2134,Serious,39
C2135,2135,None,7
C2136,2136,Minor,42
C2137,2137,Serious,16
C2138,2138,Minor,40
C2139,2139,Minor,17
C2140,2140,None,12
C2141,2141,Minor,42
C2142,2142,None,40
C2143,2143,None,32
C2144,2144,Serious,56
C2145,2145,Minor,2
C2146,2146,Fatal,61
C2147,2147,Serious,7
C2148,2148,None,69
C2149,2149,Fatal,11
C2150,2150,None,33
C2151,2151,Serious,11
C2152,2152,None,52
C2153,2153,Fatal,49
C2154,2154,Serious,73
C2155,2155,None,41
C2156,2156,Fatal,3
C2157,2157,Minor,11
C2158,2158,None,20
C2159,2159,Fatal,14
C2160,2160,None,37
C2161,2161,Serious,50
C2162,2162,None,38
C2163,2163,None,15
C2164,2164,Fatal,15
C2165,2165,Serious,1
C2166,2166,Serious,2
C2167,2167,Minor,11
C2168,2168,Minor,49
C2169,2169,Minor,7
C2170,2170,None,74
C2171,2171,Fatal,22
C2172,2172,Fatal,19
C2173,2173,Fatal,18
C2174,2174,None,4
C2175,2175,Serious,39
C2176,2176,Serious,67
C2177,2177,Fatal,4
C2178,2178,None,50
C2179,2179,Fatal,63
C2180,2180,Serious,37
C2181,2181,Minor,41
C2182,2182,Minor,39
C2183,2183,Serious,65
C2184,2184,None,45
C2185,2185,Serious,71
C2186,2186,Minor,41
C2187,2187,Fatal,28
C2188,2188,None,73
C2189,2189,None,25
C2190,2190,Minor,55
C2191,2191,None,17
C2192,2192,Serious,36
C2193,2193,Fatal,22
C2194,2194,Serious,46
C2195,2195,None,15
C2196,2196,Minor,75
C2197,2197,None,34
C2198,2198,Serious,34
C2199,2199,Serious,62
C2200,2200,Fatal,20
C2201,2201,None,44
C2202,2202,None,46
C2203,2203,Fatal,70
C2204,2204,None,4
C2205,2205,Serious,11
C2206,2206,None,61
C2207,2207,Minor,17
C2208,2208,None,63
C2209,2209,None,46
C2210,2210,Minor,42
C2211,2211,None,30
C2212,2212,None,16
C2213,2213,None,49
C2214,2214,Serious,29
C2215,2215,Minor,63
C2216,2216,Serious,1
C2217,2217,Minor,63
C2218,2218,Fatal,33
C2219,2219,Fatal,1
C2220,2220,Serious,36
C2221,2221,Minor,47
C2222,2222,None,72
C2223,2223,Serious,69
C2224,2224,Minor,30
C2225,2225,Minor,28
C2226,2226,None,27
C2227,2227,Minor,37
C2228,2228,None,7
C2229,2229,Fatal,12
C2230,2230,Serious,11
C2231,2231,Serious,50
C2232,2232,Serious,41
C2233,2233,Minor,75
C2234,2234,Fatal,23
C2235,2235,Serious,42
C2236,2236,Fatal,7
C2237,2237,Minor,64
C2238,2238,Minor,69
C2239,2239,Serious,1
C2240,2240,Minor,42
C2241,2241,None,54
C2242,2242,Fatal,50
C2243,2243,Minor,41
C2244,2244,Serious,66
C2245,2245,Serious,37
C2246,2246,Serious,33
C2247,2247,Serious,13
C2248,2248,None,65
C2249,2249,None,32
C2250,2250,Fatal,61
C2251,2251,Minor,42
C2252,2252,Serious,18
C2253,2253,Fatal,49
C2254,2254,Fatal,58
C2255,2255,None,9
C2256,2256,Minor,32
C2257,2257,Serious,31
C2258,2258,Minor,24
C2259,2259,Minor,69
C2260,2260,Fatal,70
C2261,2261,Fatal,40
C2262,2262,Fatal,36
C2263,2263,Fatal,29
C2264,2264,Minor,15
C2265,2265,Fatal,23
C2266,2266,Serious,23
C2267,2267,Fatal,37
C2268,2268,None,12
C2269,2269,Fatal,46
C2270,2270,Minor,7
C2271,2271,None,4
C2272,2272,Serious,11
C2273,2273,None,8
C2274,2274,None,72
C2275,2275,Minor,38
C2276,2276,None,75
C2277,2277,Minor,22
C2278,2278,Fatal,66
C2279,2279,Fatal,31
C2280,2280,None,19
C2281,2281,Fatal,60
C2282,2282,Minor,16
C2283,2283,None,71
C2284,2284,None,60
C2285,2285,Fatal,9
C2286,2286,Minor,33
C2287,2287,Serious,29
C2288,2288,Serious,75
C2289,2289,Fatal,24
C2290,2290,None,36
C2291,2291,Serious,46
C2292,2292,Serious,34
C2293,2293,Serious,1
C2294,2294,None,51
C2295,2295,Minor,34
C2296,2296,Minor,21
C2297,2297,Serious,18
C2298,2298,Fatal,11
C2299,2299,Fatal,23
C2300,2300,Serious,65
C2301,2301,Minor,48
C2302,2302,Fatal,60
C2303,2303,Minor,10
C2304,2304,Serious,33
C2305,2305,None,31
C2306,2306,Minor,57
C2307,2307,Minor,50
C2308,2308,Fatal,65
C2309,2309,None,55
C2310,2310,Serious,6
C2311,2311,Minor,60
C2312,2312,Minor,56
C2313,2313,None,50
C2314,2314,Fatal,16
C2315,2315,Fatal,32
C2316,2316,Minor,74
C2317,2317,Serious,70
C2318,2318,None,19
C2319,2319,Serious,15
C2320,2320,None,48
C2321,2321,Fatal,12
C2322,2322,Minor,27
C2323,2323,None,1
C2324,2324,Fatal,56
C2325,2325,Minor,66
C2326,2326,Fatal,56
C2327,2327,None,18
C2328,2328,Minor,47
C2329,2329,Serious,61
C2330,2330,Serious,65
C2331,2331,Fatal,11
C2332,2332,None,70
C2333,2333,Serious,57
C2334,2334,None,26
C2335,2335,Minor,54
C2336,2336,Serious,28
C2337,2337,Minor,73
C2338,2338,Minor,5
C2339,2339,None,50
C2340,2340,Minor,67
C2341,2341,Minor,7
C2342,2342,Serious,22
C2343,2343,None,44
C2344,2344,Serious,42
C2345,2345,Serious,55
C2346,2346,Serious,13
C2347,2347,None,8
C2348,2348,Fatal,9
C2349,2349,Fatal,32
C2350,2350,None,20
C2351,2351,Fatal,17
C2352,2352,Fatal,50
C2353,2353,Fatal,32
C2354,2354,Fatal,7
C2355,2355,Fatal,6
C2356,2356,None,56
C2357,2357,None,42
C2358,2358,None,21
C2359,2359,Fatal,40
C2360,2360,Fatal,16
C2361,2361,Serious,20
C2362,2362,None,24
C2363,2363,None,2
C2364,2364,None,41
C2365,2365,None,74
C2366,2366,None,54
C2367,2367,Minor,17
C2368,2368,Minor,74
C2369,2369,Minor,67
C2370,2370,Serious,32
C2371,2371,Minor,20
C2372,2372,None,70
C2373,2373,Serious,5
C2374,2374,Minor,73
C2375,2375,Fatal,38
C2376,2376,Serious,31
C2377,2377,None,45
C2378,2378,Serious,57
C2379,2379,Serious,31
C2380,2380,None,45
C2381,2381,Serious,48
C2382,2382,Minor,32
C2383,2383,Minor,71
C2384,2384,Fatal,14
C2385,2385,Minor,7
C2386,2386,Serious,42
C2387,2387,Fatal,69
C2388,2388,Minor,64
C2389,2389,Serious,39
C2390,2390,Minor,8
C2391,2391,Minor,53
C2392,2392,Minor,13
C2393,2393,Serious,69
C2394,2394,Serious,13
C2395,2395,Fatal,45
C2396,2396,Serious,52
C2397,2397,None,32
C2398,2398,Minor,66
C2399,2399,Fatal,17
C2400,2400,Fatal,46
C2401,2401,Serious,41
C2402,2402,Minor,14
C2403,2403,None,71
C2404,2404,Minor,57
C2405,2405,None,64
C2406,2406,Minor,31
C2407,2407,Fatal,7
C2408,2408,Minor,65
C2409,2409,Serious,20
C2410,2410,Minor,27
C2411,2411,Minor,35
C2412,2412,Minor,8
C2413,2413,None,50
C2414,2414,None,46
C2415,2415,Serious,51
C2416,2416,Fatal,27
C2417,2417,Minor,35
C2418,2418,Serious,50
C2419,2419,Serious,5
C2420,2420,Fatal,65
C2421,2421,Fatal,41
C2422,2422,Fatal,7
C2423,2423,Minor,25
C2424,2424,Fatal,64
C2425,2425,Minor,75
C2426,2426,Serious,47
C2427,2427,Minor,42
C2428,2428,Minor,47
C2429,2429,Minor,34
C2430,2430,Serious,48
C2431,2431,Serious,68
C2432,2432,None,14
C2433,2433,None,67
C2434,2434,Fatal,59
C2435,2435,Fatal,2
C2436,2436,Fatal,11
C2437,2437,Fatal,58
C2438,2438,Fatal,60
C2439,2439,None,28
C2440,2440,Minor,7
C2441,2441,Fatal,52
C2442,2442,Minor,7
C2443,2443,None,39
C2444,2444,Minor,11
C2445,2445,Fatal,54
C2446,2446,Serious,55
C2447,2447,Serious,58
C2448,2448,None,17
C2449,2449,None,24
C2450,2450,Minor,28
C2451,2451,Serious,25
C2452,2452,None,20
C2453,2453,None,27
C2454,2454,Serious,72
C2455,2455,None,1
C2456,2456,None,51
C2457,2457,Minor,5
C2458,2458,Fatal,22
C2459,2459,Serious,41
C2460,2460,Fatal,36
C2461,2461,Serious,21
C2462,2462,Minor,39
C2463,2463,Fatal,63
C2464,2464,None,22
C2465,2465,None,4
C2466,2466,Fatal,52
C2467,2467,Minor,33
C2468,2468,None,30
C2469,2469,Minor,50
C2470,2470,None,73
C2471,2471,Minor,7
C2472,2472,Serious,25
C2473,2473,Minor,51
C2474,2474,Fatal,69
C2475,2475,Minor,39
C2476,2476,Fatal,45
C2477,2477,Serious,8
C2478,2478,Serious,28
C2479,2479,Fatal,30
C2480,2480,Serious,16
C2481,2481,None,61
C2482,2482,Fatal,46
C2483,2483,Serious,49
C2484,2484,Fatal,21
C2485,2485,Serious,54
C2486,2486,Minor,67
C2487,2487,Minor,9
C2488,2488,Serious,31
C2489,2489,Fatal,30
C2490,2490,None,39
C2491,2491,Serious,69
C2492,2492,None,8
C2493,2493,Fatal,21
C2494,2494,Serious,29
C2495,2495,None,60
C2496,2496,Fatal,48
C2497,2497,None,56
C2498,2498,Minor,48
C2499,2499,Serious,31
C2500,2500,Minor,61
C2501,2501,Minor,70
C2502,2502,None,8
C2503,2503,None,8
C2504,2504,Serious,2
C2505,2505,Fatal,55
C2506,2506,Serious,8
C2507,2507,Serious,28
C2508,2508,Fatal,7
C2509,2509,Serious,56
C2510,2510,Fatal,49
C2511,2511,None,19
C2512,2512,Fatal,23
C2513,2513,Serious,62
C2514,2514,Fatal,55
C2515,2515,Minor,20
C2516,2516,Serious,68
C2517,2517,Minor,55
C2518,2518,Serious,41
C2519,2519,None,25
C2520,2520,None,61
C2521,2521,Minor,10
C2522,2522,Minor,47
C2523,2523,None,74
C2524,2524,Fatal,53
C2525,2525,Minor,41
C2526,2526,Fatal,40
C2527,2527,Fatal,27
C2528,2528,Serious,3
C2529,2529,Serious,54
C2530,2530,Serious,4
C2531,2531,Minor,63
C2532,2532,Fatal,39
C2533,2533,Serious,68
C2534,2534,Serious,3
C2535,2535,None,39
C2536,2536,None,32
C2537,2537,Fatal,41
C2538,2538,Fatal,30
C2539,2539,Fatal,53
C2540,2540,Minor,70
C2541,2541,None,43
C2542,2542,Minor,75
C2543,2543,None,44
C2544,2544,Fatal,23
C2545,2545,None,21
C2546,2546,Fatal,63
C2547,2547,Fatal,19
C2548,2548,Serious,10
C2549,2549,Fatal,24
C2550,2550,Minor,3
C2551,2551,None,49
C2552,2552,Serious,67
C2553,2553,Minor,13
C2554,2554,None,65
C2555,2555,Fatal,13
C2556,2556,Serious,33
C2557,2557,Fatal,51
C2558,2558,Serious,59
C2559,2559,None,57
C2560,2560,Minor,69
C2561,2561,Minor,26
C2562,2562,Fatal,24
C2563,2563,Minor,21
C2564,2564,None,33
C2565,2565,Minor,6
C2566,2566,Minor,23
C2567,2567,Serious,29
C2568,2568,Fatal,62
C2569,2569,Fatal,69
C2570,2570,Fatal,27
C2571,2571,Minor,73
C2572,2572,Minor,44
C2573,2573,None,44
C2574,2574,Fatal,44
C2575,2575,Minor,1
C2576,2576,Serious,10
C2577,2577,Minor,14
C2578,2578,None,41
C2579,2579,Minor,47
C2580,2580,Serious,22
C2581,2581,None,62
C2582,2582,Fatal,3
C2583,2583,Minor,50
C2584,2584,Minor,46
C2585,2585,Minor,46
C2586,2586,Fatal,58
C2587,2587,Fatal,19
C2588,2588,Fatal,37
C2589,2589,None,39
C2590,2590,Fatal,27
C2591,2591,Fatal,32
C2592,2592,Serious,30
C2593,2593,Minor,43
C2594,2594,Fatal,34
C2595,2595,Minor,27
C2596,2596,Minor,73
C2597,2597,Minor,60
C2598,2598,Minor,63
C2599,2599,Minor,47
C2600,2600,Serious,23
C2601,2601,Fatal,67
C2602,2602,Serious,59
C2603,2603,Serious,10
C2604,2604,None,46
C2605,2605,Minor,35
C2606,2606,Fatal,58
C2607,2607,Fatal,45
C2608,2608,Fatal,64
C2609,2609,Serious,59
C2610,2610,Serious,55
C2611,2611,None,30
C2612,2612,Fatal,74
C2613,2613,Fatal,54
C2614,2614,Minor,36
C2615,2615,Serious,34
C2616,2616,Minor,40
C2617,2617,Serious,46
C2618,2618,Minor,62
C2619,2619,Serious,2
C2620,2620,None,11
C2621,2621,Serious,75
C2622,2622,None,32
C2623,2623,Minor,49
C2624,2624,Fatal,52
C2625,2625,Fatal,46
C2626,2626,Minor,62
C2627,2627,None,51
C2628,2628,Minor,34
C2629,2629,None,38
C2630,2630,None,55
C2631,2631,Fatal,58
C2632,2632,Fatal,47
C2633,2633,None,75
C2634,2634,None,43
C2635,2635,Serious,12
C2636,2636,Serious,44
C2637,2637,Serious,23
C2638,2638,Serious,62
C2639,2639,Fatal,11
C2640,2640,Minor,30
C2641,2641,Minor,36
C2642,2642,Fatal,28
C2643,2643,Minor,56
C2644,2644,None,52
C2645,2645,Fatal,65
C2646,2646,Minor,63
C2647,2647,Minor,14
C2648,2648,Minor,45
C2649,2649,Minor,71
C2650,2650,Minor,6
C2651,2651,Fatal,37
C2652,2652,Minor,31
C2653,2653,None,74
C2654,2654,None,35
C2655,2655,Fatal,64
C2656,2656,Minor,64
C2657,2657,Serious,66
C2658,2658,Fatal,3
C2659,2659,Fatal,26
C2660,2660,Fatal,72
C2661,2661,None,63
C2662,2662,None,9
C2663,2663,Fatal,10
C2664,2664,Minor,55
C2665,2665,Minor,50
C2666,2666,None,62
C2667,2667,Minor,54
C2668,2668,Serious,72
C2669,2669,Serious,5
C2670,2670,Fatal,22
C2671,2671,Minor,57
C2672,2672,None,8
C2673,2673,Serious,1
C2674,2674,None,74
C2675,2675,Serious,27
C2676,2676,None,66
C2677,2677,Serious,7
C2678,2678,Minor,18
C2679,2679,None,1
C2680,2680,Serious,27
C2681,2681,Serious,8
C2682,2682,Fatal,38
C2683,2683,Minor,45
C2684,2684,Fatal,69
C2685,2685,Fatal,26
C2686,2686,None,4
C2687,2687,Serious,38
C2688,2688,Serious,23
C2689,2689,None,42
C2690,2690,Fatal,58
C2691,2691,Minor,53
C2692,2692,Minor,39
C2693,2693,Fatal,48
C2694,2694,Minor,22
C2695,2695,Fatal,72
C2696,2696,Serious,11
C2697,2697,Minor,73
C2698,2698,Fatal,65
C2699,2699,Minor,14
C2700,2700,Minor,59
C2701,2701,Serious,15
C2702,2702,Serious,38
C2703,2703,Serious,68
C2704,2704,None,40
C2705,2705,Fatal,14
C2706,2706,Minor,24
C2707,2707,Serious,40
C2708,2708,Minor,69
C2709,2709,Minor,72
C2710,2710,Serious,73
C2711,2711,None,7
C2712,2712,Fatal,57
C2713,2713,Fatal,73
C2714,2714,None,54
C2715,2715,Serious,5
C2716,2716,Serious,1
C2717,2717,Minor,44
C2718,2718,None,47
C2719,2719,None,42
C2720,2720,None,38
C2721,2721,Minor,41
C2722,2722,None,73
C2723,2723,Serious,62
C2724,2724,Minor,63
C2725,2725,Minor,32
C2726,2726,Minor,44
C2727,2727,Serious,5
C2728,2728,Serious,51
C2729,2729,Serious,10
C2730,2730,None,27
C2731,2731,Serious,18
C2732,2732,None,46
C2733,2733,Serious,48
C2734,2734,Minor,31
C2735,2735,Minor,30
C2736,2736,Serious,68
C2737,2737,Serious,6
C2738,2738,None,27
C2739,2739,None,46
C2740,2740,Serious,11
C2741,2741,Minor,5
C2742,2742,None,41
C2743,2743,Fatal,28
C2744,2744,Fatal,49
C2745,2745,Serious,13
C2746,2746,Minor,45
C2747,2747,Serious,55
C2748,2748,None,34
C2749,2749,None,33
C2750,2750,Serious,6
C2751,2751,Minor,49
C2752,2752,None,65
C2753,2753,Serious,41
C2754,2754,None,24
C2755,2755,Fatal,21
C2756,2756,None,69
C2757,2757,Fatal,52
C2758,2758,Fatal,49
C2759,2759,Serious,41
C2760,2760,Minor,29
C2761,2761,Minor,8
C2762,2762,Minor,56
C2763,2763,Minor,16
C2764,2764,Fatal,39
C2765,2765,Minor,16
C2766,2766,Fatal,29
C2767,2767,None,53
C2768,2768,Minor,18
C2769,2769,Serious,39
C2770,2770,None,30
C2771,2771,None,41
C2772,2772,None,62
C2773,2773,None,54
C2774,2774,Minor,45
C2775,2775,Fatal,58
C2776,2776,Fatal,23
C2777,2777,None,59
C2778,2778,None,53
C2779,2779,None,20
C2780,2780,Minor,27
C2781,2781,Fatal,12
C2782,2782,None,3
C2783,2783,Serious,16
C2784,2784,Serious,47
C2785,2785,Fatal,11
C2786,2786,None,16
C2787,2787,Minor,64
C2788,2788,None,9
C2789,2789,Minor,33
C2790,2790,Fatal,1
C2791,2791,None,65
C2792,2792,None,32
C2793,2793,Serious,3
C2794,2794,Fatal,67
C2795,2795,None,37
C2796,2796,None,35
C2797,2797,Fatal,49
C2798,2798,Fatal,32
C2799,2799,Serious,31
C2800,2800,Fatal,56
C2801,2801,Serious,27
C2802,2802,None,50
C2803,2803,Fatal,2
C2804,2804,Minor,22
C2805,2805,Fatal,6
C2806,2806,Minor,64
C2807,2807,None,42
C2808,2808,Minor,54
C2809,2809,Fatal,66
C2810,2810,Minor,43
C2811,2811,Serious,3
C2812,2812,Fatal,7
C2813,2813,Serious,63
C2814,2814,Minor,62
C2815,2815,Fatal,66
C2816,2816,Minor,41
C2817,2817,None,24
C2818,2818,Minor,4
C2819,2819,Minor,26
C2820,2820,None,69
C2821,2821,None,24
C2822,2822,Serious,34
C2823,2823,Serious,15
C2824,2824,Serious,56
C2825,2825,Fatal,26
C2826,2826,Minor,26
C2827,2827,Serious,49
C2828,2828,None,41
C2829,2829,None,5
C2830,2830,Fatal,57
C2831,2831,Minor,19
C2832,2832,None,50
C2833,2833,None,67
C2834,2834,None,45
C2835,2835,Minor,53
C2836,2836,Fatal,41
C2837,2837,Serious,34
C2838,2838,Serious,42
C2839,2839,Minor,71
C2840,2840,Minor,54
C2841,2841,None,9
C2842,2842,Fatal,35
C2843,2843,Minor,29
C2844,2844,Serious,64
C2845,2845,Minor,4
C2846,2846,Minor,72
C2847,2847,None,37
C2848,2848,Minor,74
C2849,2849,Serious,46
C2850,2850,Fatal,54
C2851,2851,Fatal,8
C2852,2852,Minor,70
C2853,2853,Minor,53
C2854,2854,Fatal,13
C2855,2855,None,37
C2856,2856,Fatal,23
C2857,2857,Fatal,13
C2858,2858,None,17
C2859,2859,Fatal,31
C2860,2860,None,18
C2861,2861,Minor,71
C2862,2862,None,53
C2863,2863,Serious,17
C2864,2864,Minor,8
C2865,2865,Serious,9
C2866,2866,None,69
C2867,2867,None,18
C2868,2868,Minor,65
C2869,2869,Serious,17
C2870,2870,None,66
C2871,2871,Fatal,40
C2872,2872,None,49
C2873,2873,Minor,74
C2874,2874,Minor,50
C2875,2875,Minor,49
C2876,2876,Serious,42
C2877,2877,Fatal,74
C2878,2878,None,31
C2879,2879,Fatal,10
C2880,2880,Serious,29
C2881,2881,Serious,14
C2882,2882,None,1
C2883,2883,Serious,10
C2884,2884,Fatal,62
C2885,2885,None,38
C2886,2886,Minor,2
C2887,2887,Serious,1
C2888,2888,None,19
C2889,2889,Serious,39
C2890,2890,Minor,24
C2891,2891,Fatal,50
C2892,2892,None,32
C2893,2893,Serious,34
C2894,2894,None,45
C2895,2895,None,57
C2896,2896,Fatal,34
C2897,2897,Minor,61
C2898,2898,Fatal,18
C2899,2899,None,33
C2900,2900,None,49
C2901,2901,None,49
C2902,2902,Serious,25
C2903,2903,None,49
C2904,2904,Fatal,48
C2905,2905,None,65
C2906,2906,None,33
C2907,2907,Minor,69
C2908,2908,None,66
C2909,2909,Fatal,38
C2910,2910,Serious,11
C2911,2911,Fatal,19
C2912,2912,Serious,32
C2913,2913,Fatal,50
C2914,2914,Minor,10
C2915,2915,None,57
C2916,2916,Minor,41
C2917,2917,Minor,44
C2918,2918,Minor,68
C2919,2919,Fatal,36
C2920,2920,Serious,5
C2921,2921,Minor,45
C2922,2922,Minor,35
C2923,2923,Fatal,13
C2924,2924,Minor,62
C2925,2925,Fatal,9
C2926,2926,None,34
C2927,2927,Fatal,18
C2928,2928,Fatal,65
C2929,2929,None,26
C2930,2930,None,30
C2931,2931,None,41
C2932,2932,Fatal,54
C2933,2933,Fatal,75
C2934,2934,Serious,17
C2935,2935,Fatal,18
C2936,2936,Fatal,24
C2937,2937,Serious,48
C2938,2938,None,20
C2939,2939,Fatal,51
C2940,2940,Serious,56
C2941,2941,Fatal,74
C2942,2942,Serious,53
C2943,2943,Serious,30
C2944,2944,Serious,69
C2945,2945,Minor,39
C2946,2946,Serious,4
C2947,2947,Fatal,51
C2948,2948,Serious,5
C2949,2949,None,16
C2950,2950,Minor,43
C2951,2951,Fatal,7
C2952,2952,Minor,65
C2953,2953,None,44
C2954,2954,None,2
C2955,2955,None,59
C2956,2956,Serious,43
C2957,2957,Serious,64
C2958,2958,Minor,5
C2959,2959,None,20
C2960,2960,Minor,73
C2961,2961,Serious,36
C2962,2962,Serious,38
C2963,2963,Serious,59
C2964,2964,Serious,75
C2965,2965,Fatal,12
C2966,2966,Minor,41
C2967,2967,Fatal,16
C2968,2968,Serious,17
C2969,2969,Serious,63
C2970,2970,Minor,63
C2971,2971,Minor,60
C2972,2972,None,15
C2973,2973,Serious,54
C2974,2974,None,36
C2975,2975,Minor,65
C2976,2976,Minor,8
C2977,2977,None,75
C2978,2978,Fatal,44
C2979,2979,None,53
C2980,2980,Minor,31
C2981,2981,Minor,55
C2982,2982,None,9
C2983,2983,None,57
C2984,2984,Serious,65
C2985,2985,None,26
C2986,2986,Fatal,17
C2987,2987,Serious,29
C2988,2988,None,28
C2989,2989,Minor,47
C2990,2990,Fatal,6
C2991,2991,Serious,11
C2992,2992,Minor,19
C2993,2993,None,70
C2994,2994,Fatal,58
C2995,2995,Serious,62
C2996,2996,Fatal,72
C2997,2997,Fatal,2
C2998,2998,Minor,3
C2999,2999,Fatal,59
C3000,3000,None,57
C3001,3001,None,71
C3002,3002,Serious,57
C3003,3003,Serious,19
C3004,3004,Minor,48
C3005,3005,Serious,31
C3006,3006,Serious,22
C3007,3007,Fatal,2
C3008,3008,Serious,70
C3009,3009,Minor,46
C3010,3010,Fatal,24
C3011,3011,Serious,65
C3012,3012,Minor,75
C3013,3013,None,29
C3014,3014,None,26
C3015,3015,None,21
C3016,3016,None,20
C3017,3017,Minor,69
C3018,3018,Minor,21
C3019,3019,Serious,4
C3020,3020,Minor,53
C3021,3021,Minor,57
C3022,3022,Serious,29
C3023,3023,None,68
C3024,3024,None,4
C3025,3025,Minor,61
C3026,3026,Minor,54
C3027,3027,None,54
C3028,3028,Serious,7
C3029,3029,Serious,30
C3030,3030,Serious,38
C3031,3031,None,2
C3032,3032,Fatal,4
C3033,3033,Minor,27
C3034,3034,Serious,10
C3035,3035,None,20
C3036,3036,Serious,28
C3037,3037,None,44
C3038,3038,Minor,68
C3039,3039,Minor,27
C3040,3040,Minor,18
C3041,3041,None,38
C3042,3042,None,28
C3043,3043,Fatal,9
C3044,3044,Fatal,17
C3045,3045,Serious,13
C3046,3046,None,45
C3047,3047,Minor,71
C3048,3048,None,26
C3049,3049,Minor,2
C3050,3050,Minor,59
C3051,3051,Fatal,31
C3052,3052,Serious,72
C3053,3053,None,13
C3054,3054,Fatal,44
C3055,3055,Minor,39
C3056,3056,Minor,46
C3057,3057,Fatal,16
C3058,3058,Minor,74
C3059,3059,Fatal,52
C3060,3060,None,56
C3061,3061,Fatal,61
C3062,3062,Minor,46
C3063,3063,Minor,70
C3064,3064,Serious,12
C3065,3065,None,7
C3066,3066,Minor,62
C3067,3067,Minor,62
C3068,3068,Serious,71
C3069,3069,Minor,12
C3070,3070,None,74
C3071,3071,None,4
C3072,3072,Fatal,65
C3073,3073,Minor,1
C3074,3074,Minor,23
C3075,3075,Fatal,62
C3076,3076,None,11
C3077,3077,Fatal,24
C3078,3078,Fatal,55
C3079,3079,Fatal,54
C3080,3080,None,53
C3081,3081,Fatal,60
C3082,3082,Fatal,50
C3083,3083,None,63
C3084,3084,None,60
C3085,3085,Fatal,16
C3086,3086,Fatal,63
C3087,3087,Fatal,45
C3088,3088,None,48
C3089,3089,Fatal,56
C3090,3090,None,61
C3091,3091,Fatal,54
C3092,3092,Fatal,34
C3093,3093,Minor,37
C3094,3094,None,32
C3095,3095,Serious,56
C3096,3096,Fatal,40
C3097,3097,Minor,14
C3098,3098,None,49
C3099,3099,Minor,56
C3100,3100,None,45
C3101,3101,Minor,74
C3102,3102,Minor,42
C3103,3103,Fatal,56
C3104,3104,Serious,37
C3105,3105,Minor,37
C3106,3106,Serious,60
C3107,3107,Serious,39
C3108,3108,Minor,15
C3109,3109,None,69
C3110,3110,Fatal,28
C3111,3111,Serious,29
C3112,3112,Serious,73
C3113,3113,None,54
C3114,3114,Minor,40
C3115,3115,Minor,8
C3116,3116,None,71
C3117,3117,Minor,31
C3118,3118,None,70
C3119,3119,Serious,38
C3120,3120,Serious,49
C3121,3121,Serious,49
C3122,3122,Minor,7
C3123,3123,None,18
C3124,3124,Minor,42
C3125,3125,Fatal,62
C3126,3126,None,59
C3127,3127,Fatal,12
C3128,3128,Serious,65
C3129,3129,Minor,13
C3130,3130,None,24
C3131,3131,Minor,45
C3132,3132,Minor,59
C3133,3133,Serious,45
C3134,3134,Serious,40
C3135,3135,Serious,31
C3136,3136,Minor,15
C3137,3137,Serious,19
C3138,3138,Fatal,24
C3139,3139,None,59
C3140,3140,None,23
C3141,3141,Serious,63
C3142,3142,Serious,26
C3143,3143,Minor,30
C3144,3144,Fatal,47
C3145,3145,Minor,38
C3146,3146,None,56
C3147,3147,Serious,9
C3148,3148,Fatal,73
C3149,3149,Fatal,64
C3150,3150,Serious,53
C3151,3151,None,55
C3152,3152,Minor,69
C3153,3153,Minor,56
C3154,3154,Minor,24
C3155,3155,Fatal,72
C3156,3156,None,54
C3157,3157,Minor,58
C3158,3158,Serious,50
C3159,3159,None,50
C3160,3160,Serious,53
C3161,3161,None,66
C3162,3162,None,58
C3163,3163,None,59
C3164,3164,Fatal,17
C3165,3165,Serious,40
C3166,3166,Serious,8
C3167,3167,None,37
C3168,3168,Minor,27
C3169,3169,Minor,29
C3170,3170,None,19
C3171,3171,Fatal,10
C3172,3172,Minor,49
C3173,3173,Fatal,8
C3174,3174,Serious,3
C3175,3175,None,70
C3176,3176,None,36
C3177,3177,Minor,20
C3178,3178,Serious,19
C3179,3179,Minor,32
C3180,3180,Fatal,44
C3181,3181,Fatal,6
C3182,3182,None,53
C3183,3183,Fatal,19
C3184,3184,Serious,58
C3185,3185,Minor,52
C3186,3186,Fatal,12
C3187,3187,Minor,46
C3188,3188,None,36
C3189,3189,None,44
C3190,3190,None,20
C3191,3191,Serious,40
C3192,3192,Serious,72
C3193,3193,Minor,35
C3194,3194,Minor,61
C3195,3195,Minor,44
C3196,3196,Fatal,41
C3197,3197,Serious,54
C3198,3198,Fatal,2
C3199,3199,Serious,12
C3200,3200,Fatal,16
C3201,3201,Minor,66
C3202,3202,Serious,8
C3203,3203,Minor,10
C3204,3204,None,55
C3205,3205,None,14
C3206,3206,Fatal,75
C3207,3207,Fatal,19
C3208,3208,None,33
C3209,3209,Fatal,72
C3210,3210,Minor,5
C3211,3211,None,9
C3212,3212,Fatal,44
C3213,3213,Minor,6
C3214,3214,Fatal,12
C3215,3215,Minor,36
C3216,3216,Fatal,34
C3217,3217,Fatal,39
C3218,3218,Fatal,38
C3219,3219,Fatal,1
C3220,3220,Serious,40
C3221,3221,Minor,25
C3222,3222,Fatal,13
C3223,3223,Fatal,17
C3224,3224,Minor,27
C3225,3225,Serious,25
C3226,3226,Minor,60
C3227,3227,Serious,72
C3228,3228,None,53
C3229,3229,Minor,29
C3230,3230,Fatal,10
C3231,3231,Fatal,73
C3232,3232,Minor,33
C3233,3233,Serious,73
C3234,3234,Minor,21
C3235,3235,Fatal,25
C3236,3236,None,29
C3237,3237,Minor,66
C3238,3238,Fatal,34
C3239,3239,None,25
C3240,3240,Fatal,44
C3241,3241,Fatal,14
C3242,3242,None,65
C3243,3243,None,25
C3244,3244,Fatal,64
C3245,3245,None,1
C3246,3246,Serious,69
C3247,3247,Minor,74
C3248,3248,Serious,36
C3249,3249,Serious,49
C3250,3250,Minor,64
C3251,3251,Serious,75
C3252,3252,None,74
C3253,3253,None,68
C3254,3254,Serious,55
C3255,3255,Minor,67
C3256,3256,Fatal,64
C3257,3257,Serious,28
C3258,3258,Serious,31
C3259,3259,None,20
C3260,3260,Fatal,24
C3261,3261,Fatal,8
C3262,3262,Fatal,28
C3263,3263,Minor,69
C3264,3264,None,21
C3265,3265,Fatal,73
C3266,3266,Minor,17
C3267,3267,Serious,44
C3268,3268,Minor,35
C3269,3269,Minor,40
C3270,3270,Serious,56
C3271,3271,None,48
C3272,3272,None,39
C3273,3273,Fatal,52
C3274,3274,Minor,56
C3275,3275,Minor,74
C3276,3276,Serious,8
C3277,3277,Fatal,26
C3278,3278,Fatal,43
C3279,3279,Fatal,15
C3280,3280,None,8
C3281,3281,None,35
C3282,3282,Serious,12
C3283,3283,Serious,15
C3284,3284,Serious,2
C3285,3285,Serious,40
C3286,3286,Minor,54
C3287,3287,Minor,54
C3288,3288,Minor,4
C3289,3289,Minor,14
C3290,3290,None,56
C3291,3291,Serious,37
C3292,3292,Minor,41
C3293,3293,Serious,48
C3294,3294,Serious,56
C3295,3295,Minor,10
C3296,3296,Fatal,3
C3297,3297,Serious,74
C3298,3298,Serious,32
C3299,3299,Fatal,1
C3300,3300,Fatal,27
C3301,3301,None,4
C3302,3302,None,10
C3303,3303,Fatal,70
C3304,3304,None,50
C3305,3305,None,25
C3306,3306,Minor,31
C3307,3307,Serious,56
C3308,3308,Minor,17
C3309,3309,None,50
C3310,3310,Minor,38
C3311,3311,Serious,57
C3312,3312,Serious,34
C3313,3313,None,22
C3314,3314,Serious,35
C3315,3315,Serious,62
C3316,3316,Minor,20
C3317,3317,None,61
C3318,3318,Fatal,60
C3319,3319,Fatal,61
C3320,3320,Serious,56
C3321,3321,Serious,39
C3322,3322,Fatal,23
C3323,3323,Serious,65
C3324,3324,None,71
C3325,3325,Fatal,71
C3326,3326,Fatal,39
C3327,3327,Minor,56
C3328,3328,Serious,4
C3329,3329,Fatal,23
C3330,3330,None,49
C3331,3331,Serious,73
C3332,3332,None,67
C3333,3333,Serious,44
C3334,3334,Serious,28
C3335,3335,Minor,69
C3336,3336,None,34
C3337,3337,Serious,60
C3338,3338,None,56
C3339,3339,Minor,56
C3340,3340,None,32
C3341,3341,Serious,10
C3342,3342,None,55
C3343,3343,Minor,70
C3344,3344,Serious,57
C3345,3345,Minor,15
C3346,3346,Serious,65
C3347,3347,None,43
C3348,3348,Serious,7
C3349,3349,Fatal,18
C3350,3350,Minor,56
C3351,3351,Serious,35
C3352,3352,Serious,30
C3353,3353,Fatal,63
C3354,3354,Serious,63
C3355,3355,Fatal,8
C3356,3356,None,70
C3357,3357,Minor,12
C3358,3358,Fatal,46
C3359,3359,Serious,42
C3360,3360,None,12
C3361,3361,Minor,22
C3362,3362,Fatal,58
C3363,3363,None,57
C3364,3364,Minor,59
C3365,3365,Minor,9
C3366,3366,Fatal,17
C3367,3367,Serious,41
C3368,3368,Fatal,44
C3369,3369,Fatal,18
C3370,3370,Minor,2
C3371,3371,Fatal,59
C3372,3372,Serious,4
C3373,3373,Serious,32
C3374,3374,Minor,54
C3375,3375,None,48
C3376,3376,Fatal,75
C3377,3377,Fatal,75
C3378,3378,Minor,15
C3379,3379,Fatal,29
C3380,3380,None,65
C3381,3381,Fatal,18
C3382,3382,Fatal,30
C3383,3383,Fatal,26
C3384,3384,None,68
C3385,3385,Fatal,22
C3386,3386,Minor,55
C3387,3387,None,16
C3388,3388,None,31
C3389,3389,Serious,60
C3390,3390,Minor,20
C3391,3391,Minor,44
C3392,3392,Minor,7
C3393,3393,Serious,63
C3394,3394,Fatal,63
C3395,3395,Serious,69
C3396,3396,Fatal,19
C3397,3397,Serious,19
C3398,3398,Minor,75
C3399,3399,Serious,25
C3400,3400,Fatal,16
C3401,3401,Fatal,68
C3402,3402,None,65
C3403,3403,Fatal,37
C3404,3404,Serious,8
C3405,3405,None,53
C3406,3406,Serious,35
C3407,3407,None,42
C3408,3408,Minor,11
C3409,3409,None,6
C3410,3410,Serious,20
C3411,3411,Fatal,67
C3412,3412,Minor,4
C3413,3413,Serious,6
C3414,3414,Fatal,8
C3415,3415,None,58
C3416,3416,Minor,6
C3417,3417,Fatal,1
C3418,3418,Fatal,15
C3419,3419,Fatal,21
C3420,3420,None,44
C3421,3421,Minor,67
C3422,3422,Serious,25
C3423,3423,Fatal,30
C3424,3424,Serious,11
C3425,3425,Serious,56
C3426,3426,None,3
C3427,3427,Serious,46
C3428,3428,Fatal,53
C3429,3429,None,63
C3430,3430,Minor,29
C3431,3431,Minor,55
C3432,3432,None,16
C3433,3433,Minor,28
C3434,3434,None,11
C3435,3435,Minor,29
C3436,3436,Minor,26
C3437,3437,Minor,25
C3438,3438,None,8
C3439,3439,Fatal,35
C3440,3440,Serious,73
C3441,3441,Fatal,14
C3442,3442,None,42
C3443,3443,Serious,51
C3444,3444,None,22
C3445,3445,None,37
C3446,3446,None,26
C3447,3447,Serious,25
C3448,3448,Serious,43
C3449,3449,None,30
C3450,3450,Serious,67
C3451,3451,None,26
C3452,3452,Fatal,35
C3453,3453,Serious,55
C3454,3454,Fatal,4
C3455,3455,Minor,35
C3456,3456,Serious,27
C3457,3457,Minor,74
C3458,3458,Serious,52
C3459,3459,None,52
C3460,3460,Serious,61
C3461,3461,None,53
C3462,3462,Fatal,22
C3463,3463,Fatal,13
C3464,3464,Serious,63
C3465,3465,Serious,26
C3466,3466,Fatal,59
C3467,3467,Minor,58
C3468,3468,None,61
C3469,3469,Fatal,6
C3470,3470,None,53
C3471,3471,None,6
C3472,3472,None,52
C3473,3473,Serious,67
C3474,3474,Fatal,27
C3475,3475,None,53
C3476,3476,Serious,9
C3477,3477,None,47
C3478,3478,Fatal,49
C3479,3479,Fatal,18
C3480,3480,Fatal,21
C3481,3481,Serious,22
C3482,3482,Serious,61
C3483,3483,Minor,26
C3484,3484,Minor,10
C3485,3485,Minor,1
C3486,3486,Fatal,68
C3487,3487,None,37
C3488,3488,Serious,63
C3489,3489,Minor,50
C3490,3490,Minor,55
C3491,3491,Serious,1
C3492,3492,Minor,69
C3493,3493,Serious,31
C3494,3494,Minor,60
C3495,3495,None,59
C3496,3496,Minor,24
C3497,3497,Minor,38
C3498,3498,Minor,9
C3499,3499,Minor,45
C3500,3500,Serious,58
C3501,3501,Serious,2
C3502,3502,Serious,22
C3503,3503,Serious,15
C3504,3504,None,28
C3505,3505,Minor,72
C3506,3506,None,43
C3507,3507,Fatal,17
C3508,3508,None,46
C3509,3509,Serious,12
C3510,3510,Fatal,9
C3511,3511,Minor,29
C3512,3512,None,56
C3513,3513,Serious,22
C3514,3514,None,24
C3515,3515,Minor,45
C3516,3516,Serious,62
C3517,3517,Serious,5
C3518,3518,Minor,28
C3519,3519,None,25
C3520,3520,Minor,39
C3521,3521,Fatal,8
C3522,3522,Minor,75
C3523,3523,Minor,14
C3524,3524,None,67
C3525,3525,Minor,59
C3526,3526,Minor,32
C3527,3527,Serious,60
C3528,3528,None,73
C3529,3529,Fatal,65
C3530,3530,None,74
C3531,3531,Minor,3
C3532,3532,Minor,31
C3533,3533,Minor,11
C3534,3534,Fatal,72
C3535,3535,Minor,20
C3536,3536,Fatal,30
C3537,3537,None,53
C3538,3538,None,32
C3539,3539,Minor,45
C3540,3540,Minor,40
C3541,3541,None,15
C3542,3542,Minor,75
C3543,3543,Fatal,11
C3544,3544,Fatal,49
C3545,3545,None,6
C3546,3546,Serious,23
C3547,3547,Serious,50
C3548,3548,Minor,1
C3549,3549,Minor,7
C3550,3550,Fatal,28
C3551,3551,Minor,7
C3552,3552,Fatal,33
C3553,3553,None,35
C3554,3554,None,23
C3555,3555,Minor,72
C3556,3556,Serious,66
C3557,3557,Serious,16
C3558,3558,Serious,23
C3559,3559,Minor,55
C3560,3560,Fatal,25
C3561,3561,Serious,52
C3562,3562,Minor,62
C3563,3563,Fatal,12
C3564,3564,Minor,50
C3565,3565,None,40
C3566,3566,None,13
C3567,3567,Fatal,42
C3568,3568,Serious,73
C3569,3569,Serious,46
C3570,3570,Fatal,28
C3571,3571,Serious,42
C3572,3572,Serious,36
C3573,3573,Fatal,34
C3574,3574,Minor,32
C3575,3575,Fatal,2
C3576,3576,Minor,5
C3577,3577,Minor,57
C3578,3578,Serious,24
C3579,3579,None,31
C3580,3580,None,57
C3581,3581,None,15
C3582,3582,Serious,47
C3583,3583,Minor,21
C3584,3584,Fatal,45
C3585,3585,Serious,30
C3586,3586,Minor,49
C3587,3587,None,73
C3588,3588,Serious,7
C3589,3589,Fatal,36
C3590,3590,None,17
C3591,3591,Fatal,57
C3592,3592,Serious,71
C3593,3593,Fatal,38
C3594,3594,Fatal,49
C3595,3595,None,55
C3596,3596,Minor,24
C3597,3597,None,58
C3598,3598,Minor,64
C3599,3599,Serious,54
C3600,3600,Serious,11
C3601,3601,None,18
C3602,3602,Serious,7
C3603,3603,Minor,1
C3604,3604,None,12
C3605,3605,Serious,67
C3606,3606,None,29
C3607,3607,None,8
C3608,3608,Serious,18
C3609,3609,Fatal,15
C3610,3610,None,4
C3611,3611,Minor,68
C3612,3612,Minor,14
C3613,3613,Serious,53
C3614,3614,None,8
C3615,3615,Fatal,3
C3616,3616,Serious,37
C3617,3617,None,42
C3618,3618,Minor,65
C3619,3619,Minor,41
C3620,3620,Fatal,67
C3621,3621,Fatal,35
C3622,3622,Serious,71
C3623,3623,Serious,30
C3624,3624,None,26
C3625,3625,Fatal,15
C3626,3626,Minor,3
C3627,3627,Serious,75
C3628,3628,None,34
C3629,3629,Fatal,15
C3630,3630,Serious,73
C3631,3631,Fatal,21
C3632,3632,Serious,41
C3633,3633,Serious,53
C3634,3634,Serious,3
C3635,3635,None,70
C3636,3636,Fatal,49
C3637,3637,Serious,31
C3638,3638,Fatal,35
C3639,3639,Minor,9
C3640,3640,Serious,63
C3641,3641,Fatal,1
C3642,3642,Fatal,19
C3643,3643,Fatal,7
C3644,3644,Serious,51
C3645,3645,Serious,65
C3646,3646,None,15
C3647,3647,Serious,60
C3648,3648,None,56
C3649,3649,Serious,28
C3650,3650,None,69
C3651,3651,None,17
C3652,3652,Minor,53
C3653,3653,None,69
C3654,3654,Minor,31
C3655,3655,Serious,2
C3656,3656,Fatal,73
C3657,3657,Minor,61
C3658,3658,None,69
C3659,3659,Minor,72
C3660,3660,Serious,64
C3661,3661,Minor,50
C3662,3662,None,8
C3663,3663,Minor,21
C3664,3664,Fatal,74
C3665,3665,Minor,66
C3666,3666,None,63
C3667,3667,Fatal,36
C3668,3668,Serious,10
C3669,3669,None,33
C3670,3670,Fatal,21
C3671,3671,None,60
C3672,3672,Fatal,59
C3673,3673,Serious,25
C3674,3674,Serious,25
C3675,3675,Serious,37
C3676,3676,Fatal,18
C3677,3677,None,14
C3678,3678,Fatal,1
C3679,3679,None,55
C3680,3680,Minor,32
C3681,3681,Minor,37
C3682,3682,Minor,19
C3683,3683,Serious,44
C3684,3684,Serious,28
C3685,3685,Minor,8
C3686,3686,Fatal,64
C3687,3687,Serious,70
C3688,3688,Fatal,32
C3689,3689,Fatal,72
C3690,3690,Fatal,66
C3691,3691,Minor,4
C3692,3692,Minor,51
C3693,3693,Serious,1
C3694,3694,Fatal,42
C3695,3695,Fatal,4
C3696,3696,Fatal,45
C3697,3697,None,9
C3698,3698,Fatal,41
C3699,3699,Minor,34
C3700,3700,Minor,7
C3701,3701,None,5
C3702,3702,Serious,8
C3703,3703,Serious,9
C3704,3704,Fatal,15
C3705,3705,None,40
C3706,3706,Minor,71
C3707,3707,None,64
C3708,3708,Minor,38
C3709,3709,None,70
C3710,3710,Fatal,72
C3711,3711,Fatal,61
C3712,3712,Minor,2
C3713,3713,Serious,29
C3714,3714,Serious,17
C3715,3715,Fatal,3
C3716,3716,Minor,30
C3717,3717,None,27
C3718,3718,Serious,50
C3719,3719,Fatal,62
C3720,3720,Serious,15
C3721,3721,Fatal,73
C3722,3722,Minor,9
C3723,3723,Fatal,10
C3724,3724,Serious,58
C3725,3725,Fatal,7
C3726,3726,Serious,68
C3727,3727,Minor,67
C3728,3728,Serious,13
C3729,3729,Serious,7
C3730,3730,None,70
C3731,3731,Fatal,62
C3732,3732,None,6
C3733,3733,Fatal,66
C3734,3734,Minor,68
C3735,3735,Minor,51
C3736,3736,None,52
C3737,3737,Fatal,16
C3738,3738,None,74
C3739,3739,None,27
C3740,3740,Minor,17
C3741,3741,Fatal,53
C3742,3742,Fatal,67
C3743,3743,Serious,47
C3744,3744,Serious,48
C3745,3745,Fatal,42
C3746,3746,Serious,37
C3747,3747,Fatal,18
C3748,3748,Serious,12
C3749,3749,None,49
C3750,3750,Fatal,42
C3751,3751,Fatal,18
C3752,3752,Fatal,21
C3753,3753,Fatal,26
C3754,3754,Minor,61
C3755,3755,Fatal,39
C3756,3756,Serious,56
C3757,3757,Fatal,5
C3758,3758,None,45
C3759,3759,Serious,48
C3760,3760,Serious,39
C3761,3761,Serious,1
C3762,3762,Serious,71
C3763,3763,Minor,70
C3764,3764,Fatal,3
C3765,3765,Serious,21
C3766,3766,Fatal,56
C3767,3767,None,69
C3768,3768,Fatal,34
C3769,3769,Minor,65
C3770,3770,None,11
C3771,3771,Minor,25
C3772,3772,None,59
C3773,3773,None,40
C3774,3774,Minor,34
C3775,3775,Serious,34
C3776,3776,None,69
C3777,3777,Minor,32
C3778,3778,None,55
C3779,3779,Serious,66
C3780,3780,None,44
C3781,3781,Minor,59
C3782,3782,None,64
C3783,3783,Minor,20
C3784,3784,Serious,70
C3785,3785,Minor,28
C3786,3786,Fatal,63
C3787,3787,Fatal,53
C3788,3788,Serious,16
C3789,3789,None,30
C3790,3790,Fatal,57
C3791,3791,Fatal,20
C3792,3792,None,72
C3793,3793,Serious,33
C3794,3794,Fatal,30
C3795,3795,None,60
C3796,3796,Minor,63
C3797,3797,None,13
C3798,3798,Serious,13
C3799,3799,None,47
C3800,3800,Minor,38
C3801,3801,Fatal,58
C3802,3802,Serious,32
C3803,3803,Minor,7
C3804,3804,None,15
C3805,3805,Serious,50
C3806,3806,Fatal,58
C3807,3807,None,59
C3808,3808,Serious,24
C3809,3809,None,50
C3810,3810,Serious,43
C3811,3811,Fatal,43
C3812,3812,None,56
C3813,3813,None,47
C3814,3814,Minor,51
C3815,3815,Serious,60
C3816,3816,None,32
C3817,3817,Serious,9
C3818,3818,Fatal,38
C3819,3819,Serious,19
C3820,3820,None,49
C3821,3821,Serious,3
C3822,3822,Serious,70
C3823,3823,Fatal,40
C3824,3824,Minor,72
C3825,3825,Fatal,11
C3826,3826,Fatal,2
C3827,3827,Serious,52
C3828,3828,Minor,26
C3829,3829,Fatal,18
C3830,3830,None,37
C3831,3831,Serious,26
C3832,3832,Fatal,73
C3833,3833,None,33
C3834,3834,Fatal,66
C3835,3835,Fatal,17
C3836,3836,None,33
C3837,3837,Fatal,17
C3838,3838,None,59
C3839,3839,Minor,21
C3840,3840,Fatal,55
C3841,3841,Minor,66
C3842,3842,None,7
C3843,3843,Fatal,34
C3844,3844,None,23
C3845,3845,Serious,4
C3846,3846,None,56
C3847,3847,Fatal,42
C3848,3848,None,42
C3849,3849,Serious,30
C3850,3850,Serious,14
C3851,3851,Minor,72
C3852,3852,Serious,64
C3853,3853,Minor,33
C3854,3854,Serious,21
C3855,3855,Serious,23
C3856,3856,None,46
C3857,3857,None,14
C3858,3858,None,14
C3859,3859,Fatal,30
C3860,3860,Fatal,37
C3861,3861,Fatal,33
C3862,3862,None,15
C3863,3863,Fatal,25
C3864,3864,Serious,4
C3865,3865,Fatal,58
C3866,3866,Minor,34
C3867,3867,Fatal,71
C3868,3868,Serious,71
C3869,3869,None,13
C3870,3870,Serious,53
C3871,3871,None,48
C3872,3872,Minor,41
C3873,3873,Fatal,70
C3874,3874,Serious,68
C3875,3875,Fatal,73
C3876,3876,Serious,12
C3877,3877,Minor,23
C3878,3878,Serious,64
C3879,3879,Minor,50
C3880,3880,Fatal,54
C3881,3881,None,62
C3882,3882,None,45
C3883,3883,Fatal,4
C3884,3884,None,14
C3885,3885,Minor,17
C3886,3886,Minor,46
C3887,3887,Minor,10
C3888,3888,Fatal,31
C3889,3889,None,10
C3890,3890,Fatal,62
C3891,3891,Serious,4
C3892,3892,Serious,46
C3893,3893,Serious,62
C3894,3894,Minor,9
C3895,3895,Minor,16
C3896,3896,Minor,30
C3897,3897,Fatal,24
C3898,3898,Fatal,12
C3899,3899,Minor,8
C3900,3900,Minor,23
C3901,3901,None,51
C3902,3902,Minor,60
C3903,3903,Fatal,1
C3904,3904,Minor,21
C3905,3905,Fatal,30
C3906,3906,Fatal,61
C3907,3907,None,41
C3908,3908,None,56
C3909,3909,Minor,44
C3910,3910,Serious,16
C3911,3911,Fatal,54
C3912,3912,Serious,66
C3913,3913,None,67
C3914,3914,None,71
C3915,3915,None,6
C3916,3916,Serious,9
C3917,3917,Minor,1
C3918,3918,Minor,75
C3919,3919,Serious,44
C3920,3920,None,41
C3921,3921,None,74
C3922,3922,Fatal,39
C3923,3923,Minor,65
C3924,3924,Fatal,58
C3925,3925,Fatal,56
C3926,3926,Minor,53
C3927,3927,Minor,30
C3928,3928,Serious,45
C3929,3929,None,36
C3930,3930,Fatal,63
C3931,3931,Serious,21
C3932,3932,None,26
C3933,3933,None,74
C3934,3934,Fatal,9
C3935,3935,Minor,64
C3936,3936,None,42
C3937,3937,None,30
C3938,3938,Fatal,74
C3939,3939,Fatal,9
C3940,3940,Minor,72
C3941,3941,Serious,34
C3942,3942,Fatal,67
C3943,3943,Serious,3
C3944,3944,Serious,24
C3945,3945,None,38
C3946,3946,Fatal,32
C3947,3947,None,21
C3948,3948,Fatal,17
C3949,3949,Minor,27
C3950,3950,Serious,68
C3951,3951,Minor,16
C3952,3952,Minor,47
C3953,3953,Minor,18
C3954,3954,Serious,41
C3955,3955,Serious,23
C3956,3956,Minor,48
C3957,3957,Serious,33
C3958,3958,Fatal,67
C3959,3959,Minor,3
C3960,3960,None,63
C3961,3961,Minor,61
C3962,3962,Serious,31
C3963,3963,Minor,66
C3964,3964,Serious,19
C3965,3965,Minor,54
C3966,3966,None,17
C3967,3967,Fatal,8
C3968,3968,Minor,62
C3969,3969,None,45
C3970,3970,Fatal,15
C3971,3971,Fatal,10
C3972,3972,None,27
C3973,3973,Serious,38
C3974,3974,Serious,13
C3975,3975,Serious,51
C3976,3976,None,17
C3977,3977,Minor,17
C3978,3978,Minor,30
C3979,3979,Serious,44
C3980,3980,None,57
C3981,3981,Minor,47
C3982,3982,Serious,48
C3983,3983,Serious,64
C3984,3984,Serious,32
C3985,3985,Serious,36
C3986,3986,Fatal,56
C3987,3987,None,43
C3988,3988,Fatal,73
C3989,3989,Fatal,22
C3990,3990,Minor,55
C3991,3991,None,19
C3992,3992,Minor,61
C3993,3993,Fatal,57
C3994,3994,Minor,35
C3995,3995,Fatal,70
C3996,3996,Serious,73
C3997,3997,Minor,3
C3998,3998,Minor,61
C3999,3999,Fatal,1
C4000,4000,Serious,53
C4001,4001,Minor,39
C4002,4002,None,72
C4003,4003,None,11
C4004,4004,Serious,63
C4005,4005,None,5
C4006,4006,Minor,3
C4007,4007,Serious,62
C4008,4008,Serious,56
C4009,4009,Fatal,27
C4010,4010,Minor,44
C4011,4011,Minor,44
C4012,4012,Fatal,18
C4013,4013,Minor,46
C4014,4014,Serious,75
C4015,4015,Fatal,46
C4016,4016,Serious,41
C4017,4017,Minor,69
C4018,4018,Fatal,52
C4019,4019,Fatal,48
C4020,4020,None,71
C4021,4021,Minor,19
C4022,4022,Fatal,57
C4023,4023,Serious,63
C4024,4024,None,39
C4025,4025,None,62
C4026,4026,Serious,54
C4027,4027,Serious,3
C4028,4028,Fatal,65
C4029,4029,Minor,61
C4030,4030,Serious,44
C4031,4031,None,25
C4032,4032,None,57
C4033,4033,Serious,11
C4034,4034,Minor,11
C4035,4035,Serious,37
C4036,4036,None,27
C4037,4037,None,37
C4038,4038,None,5
C4039,4039,Serious,17
C4040,4040,None,26
C4041,4041,Minor,63
C4042,4042,None,69
C4043,4043,None,33
C4044,4044,None,54
C4045,4045,Serious,27
C4046,4046,Fatal,20
C4047,4047,Serious,45
C4048,4048,Minor,5
C4049,4049,Fatal,12
C4050,4050,Minor,5
C4051,4051,Serious,50
C4052,4052,Minor,29
C4053,4053,Minor,19
C4054,4054,Fatal,20
C4055,4055,None,54
C4056,4056,Minor,20
C4057,4057,None,41
C4058,4058,None,20
C4059,4059,None,30
C4060,4060,Serious,13
C4061,4061,Minor,11
C4062,4062,None,30
C4063,4063,Fatal,73
C4064,4064,Minor,31
C4065,4065,Minor,34
C4066,4066,None,36
C4067,4067,None,60
C4068,4068,Serious,50
C4069,4069,Serious,36
C4070,4070,Serious,29
C4071,4071,Serious,42
C4072,4072,Minor,74
C4073,4073,Fatal,43
C4074,4074,Serious,2
C4075,4075,Minor,25
C4076,4076,Minor,32
C4077,4077,Serious,30
C4078,4078,Serious,28
C4079,4079,Minor,22
C4080,4080,Minor,52
C4081,4081,Minor,54
C4082,4082,Minor,45
C4083,4083,Minor,42
C4084,4084,None,12
C4085,4085,Minor,66
C4086,4086,None,63
C4087,4087,None,47
C4088,4088,Minor,33
C4089,4089,Fatal,1
C4090,4090,Fatal,26
C4091,4091,Serious,68
C4092,4092,None,25
C4093,4093,Serious,47
C4094,4094,None,11
C4095,4095,Serious,71
C4096,4096,Minor,69
C4097,4097,None,60
C4098,4098,Fatal,74
C4099,4099,Minor,61
C4100,4100,Serious,37
C4101,4101,None,42
C4102,4102,Serious,20
C4103,4103,Fatal,27
C4104,4104,None,51
C4105,4105,Minor,8
C4106,4106,None,13
C4107,4107,None,36
C4108,4108,Fatal,41
C4109,4109,Minor,42
C4110,4110,Fatal,44
C4111,4111,Fatal,1
C4112,4112,Serious,32
C4113,4113,None,62
C4114,4114,Minor,22
C4115,4115,Minor,47
C4116,4116,Fatal,44
C4117,4117,Minor,56
C4118,4118,Fatal,40
C4119,4119,Serious,12
C4120,4120,Serious,74
C4121,4121,Serious,30
C4122,4122,Serious,4
C4123,4123,Minor,68
C4124,4124,Fatal,16
C4125,4125,Minor,8
C4126,4126,Fatal,69
C4127,4127,None,69
C4128,4128,Fatal,62
C4129,4129,Serious,3
C4130,4130,Minor,68
C4131,4131,Minor,53
C4132,4132,Minor,13
C4133,4133,Fatal,34
C4134,4134,Minor,62
C4135,4135,None,63
C4136,4136,None,3
C4137,4137,None,42
C4138,4138,Minor,3
C4139,4139,Fatal,41
C4140,4140,Fatal,2
C4141,4141,Minor,20
C4142,4142,None,2
C4143,4143,Serious,20
C4144,4144,Fatal,59
C4145,4145,Serious,65
C4146,4146,Minor,58
C4147,4147,None,73
C4148,4148,Minor,25
C4149,4149,Serious,46
C4150,4150,Fatal,11
C4151,4151,None,65
C4152,4152,Minor,8
C4153,4153,None,53
C4154,4154,Minor,36
C4155,4155,None,45
C4156,4156,Fatal,34
C4157,4157,Minor,35
C4158,4158,Minor,1
C4159,4159,Fatal,57
C4160,4160,None,64
C4161,4161,Minor,74
C4162,4162,None,57
C4163,4163,Fatal,51
C4164,4164,Fatal,33
C4165,4165,Fatal,29
C4166,4166,None,44
C4167,4167,Fatal,1
C4168,4168,Fatal,41
C4169,4169,None,35
C4170,4170,Serious,28
C4171,4171,Minor,31
C4172,4172,Serious,39
C4173,4173,Minor,28
C4174,4174,None,64
C4175,4175,Minor,58
C4176,4176,Fatal,58
C4177,4177,Minor,32
C4178,4178,Fatal,3
C4179,4179,None,3
C4180,4180,Minor,8
C4181,4181,Minor,41
C4182,4182,None,69
C4183,4183,Serious,39
C4184,4184,Fatal,9
C4185,4185,None,22
C4186,4186,Fatal,8
C4187,4187,None,12
C4188,4188,Minor,2
C4189,4189,Fatal,70
C4190,4190,Serious,40
C4191,4191,Serious,5
C4192,4192,None,1
C4193,4193,Fatal,17
C4194,4194,Minor,24
C4195,4195,Minor,36
C4196,4196,Serious,73
C4197,4197,Minor,14
C4198,4198,None,17
C4199,4199,None,28
C4200,4200,Fatal,4
C4201,4201,Serious,34
C4202,4202,Fatal,48
C4203,4203,Fatal,24
C4204,4204,Fatal,32
C4205,4205,Fatal,43
C4206,4206,Minor,26
C4207,4207,Minor,54
C4208,4208,Serious,13
C4209,4209,Minor,6
C4210,4210,Serious,49
C4211,4211,Fatal,62
C4212,4212,Fatal,44
C4213,4213,None,16
C4214,4214,Fatal,44
C4215,4215,None,40
C4216,4216,None,2
C4217,4217,Fatal,1
C4218,4218,Fatal,54
C4219,4219,Minor,27
C4220,4220,Serious,22
C4221,4221,Serious,9
C4222,4222,Serious,51
C4223,4223,Serious,72
C4224,4224,Fatal,46
C4225,4225,Serious,57
C4226,4226,None,28
C4227,4227,None,8
C4228,4228,Serious,52
C4229,4229,Serious,63
C4230,4230,Fatal,50
C4231,4231,Serious,14
C4232,4232,Minor,26
C4233,4233,Minor,15
C4234,4234,Serious,44
C4235,4235,None,26
C4236,4236,Fatal,36
C4237,4237,Minor,45
C4238,4238,Serious,65
C4239,4239,Fatal,5
C4240,4240,Minor,54
C4241,4241,Minor,51
C4242,4242,Minor,4
C4243,4243,None,58
C4244,4244,Serious,54
C4245,4245,Fatal,20
C4246,4246,Serious,75
C4247,4247,Serious,53
C4248,4248,Fatal,56
C4249,4249,Serious,16
C4250,4250,None,42
C4251,4251,None,75
C4252,4252,Fatal,34
C4253,4253,Serious,16
C4254,4254,Serious,49
C4255,4255,None,70
C4256,4256,Fatal,7
C4257,4257,Minor,66
C4258,4258,None,9
C4259,4259,Minor,74
C4260,4260,None,7
C4261,4261,Minor,69
C4262,4262,Fatal,4
C4263,4263,None,58
C4264,4264,Fatal,67
C4265,4265,None,12
C4266,4266,Minor,50
C4267,4267,Minor,53
C4268,4268,Minor,42
C4269,4269,Fatal,53
C4270,4270,Minor,65
C4271,4271,Minor,38
C4272,4272,Serious,12
C4273,4273,Serious,27
C4274,4274,None,74
C4275,4275,Fatal,1
C4276,4276,Fatal,67
C4277,4277,Minor,18
C4278,4278,Serious,14
C4279,4279,None,56
C4280,4280,None,14
C4281,4281,None,66
C4282,4282,Minor,17
C4283,4283,None,22
C4284,4284,Serious,16
C4285,4285,Serious,25
C4286,4286,None,36
C4287,4287,None,25
C4288,4288,Serious,2
C4289,4289,Minor,45
C4290,4290,Minor,13
C4291,4291,Minor,63
C4292,4292,Serious,28
C4293,4293,None,33
C4294,4294,Serious,57
C4295,4295,None,35
C4296,4296,Serious,53
C4297,4297,None,66
C4298,4298,Fatal,6
C4299,4299,Fatal,11
C4300,4300,Fatal,18
C4301,4301,None,19
C4302,4302,Fatal,69
C4303,4303,None,65
C4304,4304,Serious,37
C4305,4305,Minor,23
C4306,4306,None,42
C4307,4307,Fatal,48
C4308,4308,Fatal,30
C4309,4309,Minor,55
C4310,4310,None,12
C4311,4311,None,11
C4312,4312,Serious,2
C4313,4313,Serious,61
C4314,4314,Fatal,19
C4315,4315,None,17
C4316,4316,Serious,20
C4317,4317,Fatal,67
C4318,4318,Serious,49
C4319,4319,Minor,23
C4320,4320,Minor,57
C4321,4321,None,34
C4322,4322,Fatal,16
C4323,4323,None,17
C4324,4324,Serious,40
C4325,4325,Minor,23
C4326,4326,Fatal,2
C4327,4327,None,7
C4328,4328,None,59
C4329,4329,Fatal,72
C4330,4330,Fatal,38
C4331,4331,Serious,43
C4332,4332,Serious,20
C4333,4333,Serious,66
C4334,4334,None,24
C4335,4335,Fatal,50
C4336,4336,Minor,59
C4337,4337,None,31
C4338,4338,Serious,55
C4339,4339,Fatal,45
C4340,4340,Serious,54
C4341,4341,Fatal,4
C4342,4342,Serious,30
C4343,4343,None,52
C4344,4344,Fatal,54
C4345,4345,Fatal,31
C4346,4346,Serious,74
C4347,4347,Minor,49
C4348,4348,Minor,20
C4349,4349,Fatal,14
C4350,4350,Fatal,46
C4351,4351,None,20
C4352,4352,Minor,52
C4353,4353,Fatal,48
C4354,4354,None,49
C4355,4355,Fatal,10
C4356,4356,Fatal,53
C4357,4357,None,61
C4358,4358,None,71
C4359,4359,Minor,69
C4360,4360,Serious,8
C4361,4361,Serious,10
C4362,4362,Serious,21
C4363,4363,Minor,10
C4364,4364,Fatal,2
C4365,4365,Minor,36
C4366,4366,None,24
C4367,4367,None,5
C4368,4368,Fatal,50
C4369,4369,Minor,35
C4370,4370,Minor,38
C4371,4371,Serious,67
C4372,4372,Minor,56
C4373,4373,None,50
C4374,4374,None,22
C4375,4375,Minor,7
C4376,4376,Minor,47
C4377,4377,Fatal,35
C4378,4378,None,41
C4379,4379,Minor,12
C4380,4380,Serious,19
C4381,4381,None,47
C4382,4382,Serious,14
C4383,4383,Serious,6
C4384,4384,None,17
C4385,4385,None,57
C4386,4386,Fatal,71
C4387,4387,None,48
C4388,4388,Serious,68
C4389,4389,Fatal,66
C4390,4390,Minor,7
C4391,4391,Serious,4
C4392,4392,Minor,35
C4393,4393,None,50
C4394,4394,None,72
C4395,4395,Minor,70
C4396,4396,Minor,31
C4397,4397,Fatal,22
C4398,4398,Serious,9
C4399,4399,None,3
C4400,4400,Serious,13
C4401,4401,Minor,56
C4402,4402,Fatal,52
C4403,4403,None,20
C4404,4404,None,56
C4405,4405,Minor,38
C4406,4406,None,24
C4407,4407,None,69
C4408,4408,Fatal,8
C4409,4409,Serious,9
C4410,4410,Serious,6
C4411,4411,Fatal,47
C4412,4412,None,46
C4413,4413,Serious,57
C4414,4414,None,37
C4415,4415,Serious,29
C4416,4416,Fatal,18
C4417,4417,Serious,63
C4418,4418,Serious,44
C4419,4419,Serious,5
C4420,4420,Minor,33
C4421,4421,Minor,67
C4422,4422,Fatal,19
C4423,4423,Minor,68
C4424,4424,Fatal,49
C4425,4425,Serious,46
C4426,4426,None,27
C4427,4427,Fatal,61
C4428,4428,Minor,21
C4429,4429,Serious,54
C4430,4430,Minor,27
C4431,4431,Fatal,60
C4432,4432,Fatal,46
C4433,4433,Fatal,19
C4434,4434,None,31
C4435,4435,Serious,51
C4436,4436,Serious,22
C4437,4437,Serious,47
C4438,4438,Fatal,17
C4439,4439,None,19
C4440,4440,Minor,4
C4441,4441,None,21
C4442,4442,Serious,10
C4443,4443,Serious,70
C4444,4444,Fatal,50
C4445,4445,Minor,64
C4446,4446,None,2
C4447,4447,Serious,54
C4448,4448,Serious,33
C4449,4449,None,4
C4450,4450,Fatal,44
C4451,4451,Serious,48
C4452,4452,Minor,30
C4453,4453,Fatal,35
C4454,4454,Minor,75
C4455,4455,None,58
C4456,4456,Serious,5
C4457,4457,None,21
C4458,4458,None,37
C4459,4459,None,60
C4460,4460,Minor,10
C4461,4461,None,24
C4462,4462,None,18
C4463,4463,Serious,20
C4464,4464,Serious,69
C4465,4465,Fatal,16
C4466,4466,Minor,30
C4467,4467,Minor,23
C4468,4468,Minor,23
C4469,4469,Fatal,16
C4470,4470,Minor,51
C4471,4471,Serious,69
C4472,4472,Minor,29
C4473,4473,Serious,39
C4474,4474,Fatal,2
C4475,4475,Serious,26
C4476,4476,Serious,27
C4477,4477,Fatal,49
C4478,4478,Serious,17
C4479,4479,Serious,52
C4480,4480,None,10
C4481,4481,Serious,50
C4482,4482,Minor,21
C4483,4483,Fatal,67
C4484,4484,Minor,22
C4485,4485,Serious,43
C4486,4486,Serious,29
C4487,4487,Minor,41
C4488,4488,Minor,32
C4489,4489,None,67
C4490,4490,Fatal,45
C4491,4491,Fatal,34
C4492,4492,Minor,4
C4493,4493,Fatal,35
C4494,4494,Fatal,37
C4495,4495,None,25
C4496,4496,None,48
C4497,4497,Serious,36
C4498,4498,Minor,50
C4499,4499,Minor,52
C4500,4500,Serious,45
C4501,4501,Fatal,26
C4502,4502,None,13
C4503,4503,Serious,42
C4504,4504,None,16
C4505,4505,Fatal,57
C4506,4506,Fatal,10
C4507,4507,None,53
C4508,4508,Fatal,69
C4509,4509,Serious,4
C4510,4510,Serious,15
C4511,4511,Minor,22
C4512,4512,None,32
C4513,4513,Serious,46
C4514,4514,Fatal,66
C4515,4515,None,8
C4516,4516,Serious,69
C4517,4517,Serious,14
C4518,4518,None,43
C4519,4519,None,17
C4520,4520,None,40
C4521,4521,Serious,22
C4522,4522,Fatal,36
C4523,4523,Fatal,30
C4524,4524,Fatal,54
C4525,4525,None,3
C4526,4526,None,74
C4527,4527,None,47
C4528,4528,None,51
C4529,4529,Minor,64
C4530,4530,None,42
C4531,4531,Minor,36
C4532,4532,Minor,45
C4533,4533,Serious,13
C4534,4534,Minor,21
C4535,4535,None,31
C4536,4536,Fatal,63
C4537,4537,Minor,52
C4538,4538,None,42
C4539,4539,Serious,55
C4540,4540,None,52
C4541,4541,Minor,73
C4542,4542,Serious,69
C4543,4543,Serious,22
C4544,4544,Fatal,13
C4545,4545,Minor,18
C4546,4546,None,54
C4547,4547,None,15
C4548,4548,None,64
C4549,4549,Minor,26
C4550,4550,Minor,34
C4551,4551,None,41
C4552,4552,Serious,36
C4553,4553,Serious,13
C4554,4554,Serious,60
C4555,4555,None,13
C4556,4556,Minor,32
C4557,4557,Serious,2
C4558,4558,Serious,26
C4559,4559,None,8
C4560,4560,None,18
C4561,4561,Fatal,39
C4562,4562,Minor,27
C4563,4563,None,31
C4564,4564,Serious,25
C4565,4565,None,38
C4566,4566,Serious,23
C4567,4567,None,20
C4568,4568,None,16
C4569,4569,Fatal,16
C4570,4570,Minor,23
C4571,4571,None,14
C4572,4572,Serious,17
C4573,4573,None,55
C4574,4574,Minor,33
C4575,4575,None,34
C4576,4576,Minor,4
C4577,4577,Serious,9
C4578,4578,None,25
C4579,4579,Fatal,35
C4580,4580,Serious,25
C4581,4581,Fatal,10
C4582,4582,Fatal,13
C4583,4583,Fatal,13
C4584,4584,Fatal,4
C4585,4585,Minor,37
C4586,4586,Fatal,41
C4587,4587,None,35
C4588,4588,Serious,56
C4589,4589,Fatal,58
C4590,4590,None,48
C4591,4591,None,40
C4592,4592,Serious,41
C4593,4593,Minor,9
C4594,4594,Serious,74
C4595,4595,Serious,57
C4596,4596,None,8
C4597,4597,None,63
C4598,4598,Fatal,69
C4599,4599,None,22
C4600,4600,Minor,24
C4601,4601,None,21
C4602,4602,Fatal,39
C4603,4603,None,49
C4604,4604,Serious,29
C4605,4605,Serious,63
C4606,4606,Serious,10
C4607,4607,Serious,11
C4608,4608,Serious,15
C4609,4609,Fatal,50
C4610,4610,Fatal,6
C4611,4611,Serious,13
C4612,4612,Minor,13
C4613,4613,Minor,11
C4614,4614,None,26
C4615,4615,None,41
C4616,4616,None,51
C4617,4617,Fatal,22
C4618,4618,Fatal,55
C4619,4619,Fatal,6
C4620,4620,Fatal,23
C4621,4621,Fatal,60
C4622,4622,Serious,58
C4623,4623,Fatal,38
C4624,4624,Fatal,55
C4625,4625,Minor,53
C4626,4626,Serious,40
C4627,4627,None,59
C4628,4628,Serious,52
C4629,4629,None,21
C4630,4630,Fatal,30
C4631,4631,Serious,72
C4632,4632,None,13
C4633,4633,Fatal,65
C4634,4634,Minor,59
C4635,4635,Minor,71
C4636,4636,None,69
C4637,4637,Minor,58
C4638,4638,Serious,18
C4639,4639,Minor,43
C4640,4640,None,17
C4641,4641,Serious,63
C4642,4642,None,60
C4643,4643,Minor,71
C4644,4644,None,10
C4645,4645,None,51
C4646,4646,Fatal,55
C4647,4647,Fatal,57
C4648,4648,Serious,14
C4649,4649,Serious,41
C4650,4650,Minor,60
C4651,4651,Serious,6
C4652,4652,Minor,37
C4653,4653,Minor,34
C4654,4654,Serious,48
C4655,4655,Minor,67
C4656,4656,Fatal,13
C4657,4657,None,46
C4658,4658,Serious,32
C4659,4659,Fatal,44
C4660,4660,None,31
C4661,4661,Serious,33
C4662,4662,Minor,64
C4663,4663,None,4
C4664,4664,Minor,55
C4665,4665,None,29
C4666,4666,None,65
C4667,4667,Fatal,49
C4668,4668,Minor,58
C4669,4669,Serious,10
C4670,4670,Serious,9
C4671,4671,Fatal,41
C4672,4672,Serious,12
C4673,4673,Serious,53
C4674,4674,Minor,2
C4675,4675,Serious,39
C4676,4676,Minor,57
C4677,4677,Minor,34
C4678,4678,None,55
C4679,4679,Serious,61
C4680,4680,Fatal,70
C4681,4681,Minor,47
C4682,4682,Fatal,53
C4683,4683,Minor,51
C4684,4684,Serious,21
C4685,4685,None,13
C4686,4686,Minor,65
C4687,4687,Serious,45
C4688,4688,Fatal,31
C4689,4689,Fatal,26
C4690,4690,None,6
C4691,4691,Fatal,29
C4692,4692,Minor,60
C4693,4693,Fatal,29
C4694,4694,Fatal,30
C4695,4695,Minor,6
C4696,4696,Minor,62
C4697,4697,Minor,3
C4698,4698,Fatal,54
C4699,4699,Minor,22
C4700,4700,Fatal,68
C4701,4701,Minor,60
C4702,4702,Fatal,4
C4703,4703,Minor,66
C4704,4704,Serious,31
C4705,4705,Serious,15
C4706,4706,Fatal,34
C4707,4707,Minor,1
C4708,4708,Minor,1
C4709,4709,Minor,40
C4710,4710,Minor,72
C4711,4711,Serious,39
C4712,4712,Minor,18
C4713,4713,Serious,48
C4714,4714,Fatal,34
C4715,4715,Minor,58
C4716,4716,Serious,75
C4717,4717,Fatal,40
C4718,4718,None,3
C4719,4719,Minor,58
C4720,4720,Serious,62
C4721,4721,None,69
C4722,4722,None,59
C4723,4723,None,27
C4724,4724,Fatal,13
C4725,4725,Minor,11
C4726,4726,Minor,30
C4727,4727,None,49
C4728,4728,Serious,51
C4729,4729,Minor,19
C4730,4730,Minor,56
C4731,4731,Serious,4
C4732,4732,None,41
C4733,4733,None,3
C4734,4734,None,62
C4735,4735,Minor,56
C4736,4736,Serious,62
C4737,4737,Minor,48
C4738,4738,Serious,74
C4739,4739,Fatal,7
C4740,4740,Serious,49
C4741,4741,Fatal,43
C4742,4742,None,73
C4743,4743,Serious,9
C4744,4744,None,71
C4745,4745,Fatal,45
C4746,4746,Minor,2
C4747,4747,Serious,43
C4748,4748,None,21
C4749,4749,Fatal,37
C4750,4750,Fatal,57
C4751,4751,Minor,56
C4752,4752,Minor,30
C4753,4753,Minor,11
C4754,4754,None,26
C4755,4755,Serious,70
C4756,4756,None,48
C4757,4757,Fatal,6
C4758,4758,Serious,14
C4759,4759,Serious,50
C4760,4760,None,39
C4761,4761,Serious,3
C4762,4762,Minor,34
C4763,4763,Minor,12
C4764,4764,None,5
C4765,4765,None,3
C4766,4766,None,47
C4767,4767,None,75
C4768,4768,None,59
C4769,4769,None,62
C4770,4770,Fatal,34
C4771,4771,None,14
C4772,4772,Minor,28
C4773,4773,None,23
C4774,4774,Minor,8
C4775,4775,Minor,38
C4776,4776,Minor,27
C4777,4777,None,7
C4778,4778,None,20
C4779,4779,Minor,12
C4780,4780,Serious,65
C4781,4781,Fatal,74
C4782,4782,Serious,37
C4783,4783,Minor,8
C4784,4784,Minor,43
C4785,4785,Serious,10
C4786,4786,Fatal,59
C4787,4787,Fatal,54
C4788,4788,None,12
C4789,4789,Fatal,37
C4790,4790,Minor,62
C4791,4791,Minor,64
C4792,4792,Minor,5
C4793,4793,Minor,73
C4794,4794,Fatal,58
C4795,4795,Fatal,70
C4796,4796,Fatal,63
C4797,4797,Minor,20
C4798,4798,Serious,62
C4799,4799,Minor,32
C4800,4800,None,25
C4801,4801,None,24
C4802,4802,Serious,70
C4803,4803,None,61
C4804,4804,Serious,4
C4805,4805,Serious,17
C4806,4806,Serious,44
C4807,4807,Serious,37
C4808,4808,Minor,36
C4809,4809,Serious,75
C4810,4810,None,24
C4811,4811,None,19
C4812,4812,Serious,18
C4813,4813,Minor,47
C4814,4814,Serious,57
C4815,4815,None,70
C4816,4816,None,22
C4817,4817,None,55
C4818,4818,None,19
C4819,4819,None,45
C4820,4820,None,60
C4821,4821,Serious,4
C4822,4822,Minor,4
C4823,4823,Fatal,35
C4824,4824,Serious,30
C4825,4825,Fatal,1
C4826,4826,Minor,52
C4827,4827,Fatal,30
C4828,4828,Fatal,52
C4829,4829,Fatal,21
C4830,4830,Minor,63
C4831,4831,None,71
C4832,4832,Minor,63
C4833,4833,Fatal,11
C4834,4834,Minor,6
C4835,4835,Serious,41
C4836,4836,Fatal,65
C4837,4837,None,57
C4838,4838,None,47
C4839,4839,Minor,55
C4840,4840,Minor,52
C4841,4841,Fatal,15
C4842,4842,Minor,3
C4843,4843,None,14
C4844,4844,Fatal,52
C4845,4845,Serious,74
C4846,4846,Fatal,42
C4847,4847,Minor,21
C4848,4848,Serious,38
C4849,4849,Minor,72
C4850,4850,Serious,19
C4851,4851,Serious,5
C4852,4852,Minor,70
C4853,4853,Serious,15
C4854,4854,None,69
C4855,4855,Minor,17
C4856,4856,None,40
C4857,4857,None,32
C4858,4858,None,75
C4859,4859,Fatal,58
C4860,4860,Serious,33
C4861,4861,Serious,28
C4862,4862,None,22
C4863,4863,Serious,74
C4864,4864,None,52
C4865,4865,None,8
C4866,4866,Serious,68
C4867,4867,Minor,2
C4868,4868,None,40
C4869,4869,Fatal,47
C4870,4870,Serious,56
C4871,4871,Serious,45
C4872,4872,None,27
C4873,4873,None,70
C4874,4874,Fatal,60
C4875,4875,Minor,59
C4876,4876,Serious,17
C4877,4877,Serious,50
C4878,4878,Minor,47
C4879,4879,Fatal,9
C4880,4880,None,28
C4881,4881,Fatal,18
C4882,4882,Minor,8
C4883,4883,Minor,18
C4884,4884,Minor,44
C4885,4885,None,2
C4886,4886,Serious,12
C4887,4887,Minor,63
C4888,4888,Minor,49
C4889,4889,Fatal,18
C4890,4890,None,56
C4891,4891,Minor,39
C4892,4892,Minor,8
C4893,4893,Minor,34
C4894,4894,Minor,42
C4895,4895,Fatal,71
C4896,4896,Minor,21
C4897,4897,None,66
C4898,4898,Serious,65
C4899,4899,None,56
C4900,4900,Minor,47
C4901,4901,Fatal,26
C4902,4902,None,60
C4903,4903,None,32
C4904,4904,Fatal,72
C4905,4905,Serious,50
C4906,4906,None,32
C4907,4907,Serious,25
C4908,4908,Minor,47
C4909,4909,None,49
C4910,4910,None,55
C4911,4911,Serious,60
C4912,4912,None,53
C4913,4913,Serious,75
C4914,4914,Serious,34
C4915,4915,Fatal,12
C4916,4916,Fatal,13
C4917,4917,Serious,19
C4918,4918,Serious,55
C4919,4919,Serious,75
C4920,4920,Serious,51
C4921,4921,None,34
C4922,4922,Serious,16
C4923,4923,None,29
C4924,4924,None,66
C4925,4925,Serious,23
C4926,4926,Minor,55
C4927,4927,Minor,27
C4928,4928,Serious,32
C4929,4929,None,65
C4930,4930,None,23
C4931,4931,Fatal,6
C4932,4932,Minor,33
C4933,4933,Minor,13
C4934,4934,Minor,33
C4935,4935,None,16
C4936,4936,Minor,32
C4937,4937,Minor,2
C4938,4938,Minor,61
C4939,4939,Serious,33
C4940,4940,Fatal,43
C4941,4941,Minor,6
C4942,4942,None,5
C4943,4943,Fatal,15
C4944,4944,Fatal,53
C4945,4945,Fatal,25
C4946,4946,None,5
C4947,4947,Serious,4
C4948,4948,Serious,56
C4949,4949,Serious,44
C4950,4950,Fatal,29
C4951,4951,None,16
C4952,4952,None,32
C4953,4953,Serious,35
C4954,4954,None,66
C4955,4955,Minor,61
C4956,4956,Minor,28
C4957,4957,Fatal,62
C4958,4958,None,39
C4959,4959,Minor,51
C4960,4960,Serious,14
C4961,4961,Minor,2
C4962,4962,Fatal,1
C4963,4963,None,54
C4964,4964,Minor,75
C4965,4965,Serious,72
C4966,4966,None,32
C4967,4967,None,2
C4968,4968,None,75
C4969,4969,Minor,1
C4970,4970,None,25
C4971,4971,Serious,16
C4972,4972,None,28
C4973,4973,Fatal,73
C4974,4974,Serious,2
C4975,4975,None,33
C4976,4976,Serious,59
C4977,4977,Minor,47
C4978,4978,Minor,74
C4979,4979,Minor,9
C4980,4980,Fatal,19
C4981,4981,None,15
C4982,4982,None,59
C4983,4983,Serious,67
C4984,4984,None,42
C4985,4985,Fatal,16
C4986,4986,Fatal,4
C4987,4987,None,59
C4988,4988,Fatal,63
C4989,4989,Fatal,71
C4990,4990,Minor,4
C4991,4991,None,50
C4992,4992,None,51
C4993,4993,Minor,63
C4994,4994,None,31
C4995,4995,None,65
C4996,4996,Minor,45
C4997,4997,Minor,22
C4998,4998,Minor,62
C4999,4999,Fatal,51
C5000,5000,None,28
